CASE_ID,ACCIDENT_YEAR,PROC_DATE,JURIS,COLLISION_DATE,COLLISION_TIME,OFFICER_ID,REPORTING_DISTRICT,DAY_OF_WEEK,CHP_SHIFT,POPULATION,CNTY_CITY_LOC,SPECIAL_COND,BEAT_TYPE,CHP_BEAT_TYPE,CITY_DIVISION_LAPD,CHP_BEAT_CLASS,BEAT_NUMBER,PRIMARY_RD,SECONDARY_RD,DISTANCE,DIRECTION,INTERSECTION,WEATHER_1,WEATHER_2,STATE_HWY_IND,CALTRANS_COUNTY,CALTRANS_DISTRICT,STATE_ROUTE,ROUTE_SUFFIX,POSTMILE_PREFIX,POSTMILE,LOCATION_TYPE,RAMP_INTERSECTION,SIDE_OF_HWY,TOW_AWAY,COLLISION_SEVERITY,NUMBER_KILLED,NUMBER_INJURED,PARTY_COUNT,PRIMARY_COLL_FACTOR,PCF_CODE_OF_VIOL,PCF_VIOL_CATEGORY,PCF_VIOLATION,PCF_VIOL_SUBSECTION,HIT_AND_RUN,TYPE_OF_COLLISION,MVIW,PED_ACTION,ROAD_SURFACE,ROAD_COND_1,ROAD_COND_2,LIGHTING,CONTROL_DEVICE,CHP_ROAD_TYPE,PEDESTRIAN_ACCIDENT,BICYCLE_ACCIDENT,MOTORCYCLE_ACCIDENT,TRUCK_ACCIDENT,NOT_PRIVATE_PROPERTY,ALCOHOL_INVOLVED,STWD_VEHTYPE_AT_FAULT,CHP_VEHTYPE_AT_FAULT,COUNT_SEVERE_INJ,COUNT_VISIBLE_INJ,COUNT_COMPLAINT_PAIN,COUNT_PED_KILLED,COUNT_PED_INJURED,COUNT_BICYCLIST_KILLED,COUNT_BICYCLIST_INJURED,COUNT_MC_KILLED,COUNT_MC_INJURED,PRIMARY_RAMP,SECONDARY_RAMP,LATITUDE,LONGITUDE,COUNTY,CITY,POINT_X,POINT_Y
8291415,2017,2017-03-22,1942,2017-01-17,0930,41054,2044,2,5,7,1942,0,0,0,,0,20TL59,"KINGSLEY DR","8TH ST",0.00,,Y,A,-,N,,,,,,,,,,N,3,0,1,2,A,-,09,21802,A,N,G,B,B,A,H,-,A,A,0,Y,,,,Y,,A,01,0,1,0,0,1,0,0,0,0,"- ","- ",,,"LOS ANGELES","LOS ANGELES",-118.30307010999999,34.057700070000003
8291422,2017,2017-03-22,1941,2017-01-16,1558,10764,,1,5,7,1941,0,0,0,,0,,"4TH ST","LIBERTY CT",0.00,,Y,A,-,N,,,,,,,,,,N,4,0,1,2,-,-,"- ",,,N,G,B,D,A,H,-,A,A,0,Y,,,,Y,,-,"- ",0,0,1,0,1,0,0,0,0,"- ","- ",,,"LOS ANGELES","LONG BEACH",-118.18570006,33.771740090000002
8291439,2017,2017-03-22,1942,2017-01-12,0600,41003,2035,4,5,7,1942,0,0,0,,0,6T7,"WILSHIRE BL","NORMANDIE AV",0.00,,Y,C,-,N,,,,,,,,,,N,3,0,4,5,A,-,10,21950,A,F,G,B,B,B,H,-,C,A,0,Y,,,,Y,,-,99,0,3,1,0,4,0,0,0,0,"- ","- ",,,"LOS ANGELES","LOS ANGELES",-118.3003901,34.06174
8291804,2017,2017-03-15,1925,2017-01-18,0821,16835,157,3,5,6,1925,0,0,0,,0,004,"HARVEY DR","WILSON TER",0.00,,Y,A,-,N,,,,,,,,,,N,3,0,1,2,A,-,10,21950,A,N,G,B,B,A,H,-,A,A,0,Y,,,,Y,,A,01,0,1,0,0,1,0,0,0,0,"- ","- ",,,"LOS ANGELES",GLENDALE,-118.22794012999999,34.148850119999999
8291816,2017,2017-03-15,1925,2017-01-09,1633,21092,4,1,5,6,1925,0,0,0,,0,004,"LEXINGTON DR","VERDUGO RD",0.00,,Y,B,-,N,,,,,,,,,,N,4,0,1,2,A,-,10,21950,A,N,G,B,B,A,H,-,A,A,0,Y,,,,Y,,A,07,0,0,1,0,1,0,0,0,0,"- ","- ",,,"LOS ANGELES",GLENDALE,-118.23654005,34.151710059999999
8292014,2017,2018-04-23,1929,2017-01-12,2021,176,SW,4,5,3,1929,0,0,0,,0,003,"RT 1","PIER AV",7.00,S,N,B,-,Y,LA,7,1,-,-,21.341,I,5,S,N,3,0,1,2,A,-,10,21950,A,N,G,B,B,A,H,-,C,A,0,Y,,,,Y,,A,01,0,1,0,0,1,0,0,0,0,"- ","- ",,,"LOS ANGELES","HERMOSA BEACH",-118.39313427,33.864805850000003
8292038,2017,2017-01-26,1972,2017-01-01,0134,20485,,7,5,6,1972,0,0,0,,0,,YUKON,ARTESIA,150.00,N,N,B,-,N,,,,,,,,,,N,3,0,1,2,A,-,11,21956,A,N,D,B,E,A,-,-,C,D,0,Y,,,,Y,Y,N,,0,1,0,0,1,0,0,0,0,"- ","- ",,,"LOS ANGELES",TORRANCE,-118.33517999999999,33.873311409999999
8292272,2017,2017-04-14,1942,2017-02-11,2000,39840,0153,6,5,7,1942,0,0,0,A,0,24T31,"7TH ST","BROADWAY ST",20.00,E,N,A,-,N,,,,,,,,,,N,4,0,1,2,A,-,11,21956,A,F,-,B,D,B,H,-,C,A,0,Y,,,,Y,,N,60,0,0,1,0,1,0,0,0,0,"- ","- ",,,"LOS ANGELES","LOS ANGELES",-118.46550080999999,33.996065909999999
8292282,2017,2017-05-01,1942,2017-02-09,1610,40099,1371,4,5,7,1942,0,0,0,M,0,24T51,"54TH ST",BROADWAY,2.00,E,N,A,-,N,,,,,,,,,,N,4,0,1,2,A,-,10,21950,A,N,G,B,D,A,H,-,A,A,0,Y,,,,Y,,A,01,0,0,1,0,1,0,0,0,0,"- ","- ",,,"LOS ANGELES","LOS ANGELES",-118.27831341,33.993310000000001
8292286,2017,2017-04-27,1942,2017-02-20,1400,32973,0111,1,5,7,1942,0,0,0,A,0,21TL43,"NEW HIGH ST","CESAR E CHAVEZ AV",200.00,N,N,B,-,N,,,,,,,,,,N,4,0,1,2,A,-,11,21954,A,N,G,B,E,A,H,-,A,A,0,Y,,,,Y,,N,60,0,0,1,0,1,0,0,0,0,"- ","- ",,,"LOS ANGELES","LOS ANGELES",-118.23929572,34.05877856
8292326,2017,2017-06-21,1942,2017-02-03,1610,38326,2175,5,5,7,1942,0,0,0,,0,9TL54,"VENTURA BL","FARRALONE AV",50.00,W,N,A,-,N,,,,,,,,,,N,4,0,1,3,A,-,17,22517,,N,B,E,E,A,H,-,A,D,0,Y,,,,Y,,N,60,0,0,1,0,1,0,0,0,0,"- ","- ",,,"LOS ANGELES","LOS ANGELES",-118.61041364,34.16873769
8292412,2017,2017-04-11,1965,2017-03-25,1525,3186,0B1G,6,5,5,1965,0,0,0,,0,B001,"COLORADO AV","1ST CT",0.00,,Y,A,-,N,,,,,,,,,,N,4,0,1,2,A,-,03,22350,,N,G,B,F,A,H,-,A,D,0,Y,,,,Y,,M,59,0,0,1,0,1,0,0,0,0,"- ","- ",37.003100000000003,-121.01788999999999,"LOS ANGELES","SANTA MONICA",-118.49491009,34.011400020000004
8292414,2017,2017-04-11,1942,2017-03-20,1625,40099,0127,1,5,7,1942,0,0,0,A,0,24TL54,"SAN PEDRO ST",1ST,17.00,S,N,A,-,N,,,,,,,,,,N,3,0,1,2,A,-,10,21950,A,N,G,B,B,A,H,-,A,A,0,Y,,,,Y,,A,08,0,1,0,0,1,0,0,0,0,"- ","- ",,,"LOS ANGELES","LOS ANGELES",-118.24095862,34.050359929999999
8292427,2017,2017-04-13,1942,2017-03-16,1945,42504,1902,4,5,7,1942,0,0,0,,0,19A12,"ROXFORD ST","GLENOAKS BL",0.00,,Y,A,-,N,,,,,,,,,,N,3,0,1,2,A,-,10,21950,A,N,G,B,B,A,H,-,C,A,0,Y,,,,Y,,A,01,0,1,0,0,1,0,0,0,0,"- ","- ",,,"LOS ANGELES","LOS ANGELES",-118.46372004,34.318390010000002
8292483,2017,2017-04-14,1925,2017-04-04,0603,19167,108,2,5,6,1925,0,0,0,,0,005,"FOOTHILL BL","LOWELL AV",7.00,W,N,B,-,N,,,,,,,,,,N,4,0,1,2,A,-,10,21950,A,N,G,B,B,A,H,-,C,A,0,Y,,,,Y,,A,01,0,0,1,0,1,0,0,0,0,"- ","- ",,,"LOS ANGELES",GLENDALE,-118.26609857,34.240381429999999
8292783,2017,2017-07-20,1942,2017-06-29,1225,41316,1962,4,5,7,1942,0,0,0,,0,21T62,"SEPULVEDA BL","NORDHOFF ST",0.00,N,N,A,-,N,,,,,,,,,,Y,3,0,3,3,A,-,09,21801,A,N,A,C,F,A,H,-,A,D,0,Y,,,,Y,,A,01,0,2,1,0,1,0,0,0,0,"- ","- ",,,"LOS ANGELES","LOS ANGELES",-118.46771002,34.235530089999997
8292800,2017,2017-07-19,1942,2017-06-13,0920,37505,1385,2,5,7,1942,0,0,0,M,0,24TL24,"59TH ST","AVALON BL",1557.00,E,N,A,-,N,,,,,,,,,,N,4,0,1,2,A,-,11,21954,A,N,C,B,E,A,H,-,A,D,0,Y,,,,Y,,N,60,0,0,1,0,1,0,0,0,0,"- ","- ",,,"LOS ANGELES","LOS ANGELES",-118.26007392,33.987189999999998
8292925,2017,2017-02-03,1942,2017-01-11,0640,34427,1601,3,5,7,1942,0,0,0,P,0,9T53,"ARROYO ST","FOOTHILL BL",0.00,,Y,C,-,N,,,,,,,,,,N,4,0,1,2,A,-,10,21950,A,N,G,B,B,B,H,-,B,A,0,Y,,,,Y,,D,22,0,0,1,0,1,0,0,0,0,"- ","- ",,,"LOS ANGELES","LOS ANGELES",-118.41442013,34.292780090000001
8293143,2017,2017-01-27,1942,2017-01-12,1100,42242,0963,4,5,7,1942,0,0,0,I,0,9A37,"VAN NUYS BL","ADDISON ST",0.00,,Y,C,-,N,,,,,,,,,,N,4,0,1,2,A,-,10,21950,A,N,G,B,B,B,F,-,A,A,0,Y,,,,Y,,A,01,0,0,1,0,1,0,0,0,0,"- ","- ",,,"LOS ANGELES","LOS ANGELES",-118.44869009999999,34.161220040000003
8293179,2017,2017-01-27,1942,2017-01-06,1635,32361,1623,5,5,7,1942,0,0,0,P,0,1635,"GLENOAKS BL","VAN NUYS BL",0.00,N,N,A,-,N,,,,,,,,,,Y,4,0,1,2,A,-,10,21950,A,N,G,B,B,A,H,-,B,D,0,Y,,,,Y,,A,01,0,0,1,0,1,0,0,0,0,"- ","- ",,,"LOS ANGELES","LOS ANGELES",-118.41169004,34.273690080000002
8293191,2017,2017-01-27,1942,2017-01-02,0630,41256,0985,1,5,7,1942,0,0,0,I,0,9A89,"VENTURA BL","NOBLE AV",375.00,W,N,A,-,N,,,,,,,,,,N,4,0,1,2,A,-,00,21854,A,N,G,B,E,A,H,-,B,D,0,Y,,,,Y,Y,N,60,0,0,1,0,1,0,0,0,0,"- ","- ",,,"LOS ANGELES","LOS ANGELES",-118.46301162,34.153288269999997
8293192,2017,2017-01-27,1942,2017-01-17,1155,33779,0929,2,5,7,1942,0,0,0,I,0,15TL44,"ETHEL AV","VICTORY BL",0.00,,Y,A,-,N,,,,,,,,,,N,4,0,1,2,A,-,10,21950,A,N,G,B,B,A,H,-,A,A,0,Y,,,,Y,,A,07,0,0,1,0,1,0,0,0,0,"- ","- ",,,"LOS ANGELES","LOS ANGELES",-118.41814006,34.186680000000003
8293281,2017,2017-02-03,1942,2017-01-05,2000,41661,,4,5,7,1942,0,0,0,,0,0237,"BEVERLY BL","BELMONT AV",11.00,E,N,-,-,N,,,,,,,,,,Y,2,0,1,2,A,-,01,23152,,F,G,B,B,A,H,-,C,A,0,Y,,,,Y,Y,D,22,1,0,0,0,1,0,0,0,0,"- ","- ",,,"LOS ANGELES","LOS ANGELES",-118.26294759,34.063346490000001
8293564,2017,2017-02-03,1942,2017-01-13,1810,40099,1363,5,5,7,1942,0,0,0,M,0,24T57,"AVALON BL","50TH ST",11.00,S,N,A,-,N,,,,,,,,,,Y,2,0,2,2,C,-,18,,,N,H,B,E,A,H,-,C,D,0,Y,,,,Y,,-,"- ",1,1,0,0,1,0,0,0,0,"- ","- ",,,"LOS ANGELES","LOS ANGELES",-118.26523956,33.997529829999998
8293579,2017,2017-02-03,1941,2017-01-17,1946,5277,,2,5,7,1941,0,0,0,,0,,"35TH ST","MAGNOLIA AV",12.00,W,N,A,-,N,,,,,,,,,,N,4,0,1,2,A,-,11,21950,B,N,G,B,B,A,H,-,C,D,0,Y,,,,Y,,-,,0,0,1,0,1,0,0,0,0,"- ","- ",,,"LOS ANGELES","LONG BEACH",-118.19818942000001,33.819920449999998
8293993,2017,2017-02-01,1900,2017-01-20,0700,552620,1628,5,5,5,1977,0,0,0,,0,166T,"CARSON ST","MARTIN ST",0.00,,Y,C,-,N,,,,,,,,,,N,2,0,1,2,A,-,10,21950,A,N,G,B,B,B,H,-,B,A,0,Y,,,,Y,,D,22,1,0,0,0,1,0,0,0,0,"- ","- ",,,"LOS ANGELES",CARSON,-118.2441101,33.831780090000002
8294166,2017,2017-02-01,1976,2017-01-18,2001,895,,3,5,5,1976,0,0,0,,0,,"COLIMA RD","JANINE DR",264.00,S,N,C,-,N,,,,,,,,,,N,3,0,1,2,A,-,00,21952,A,N,G,B,F,B,H,-,D,D,0,Y,,,,Y,,A,07,0,1,0,0,1,0,0,0,0,"- ","- ",,,"LOS ANGELES",WHITTIER,-118.00598213000001,33.949717020000001
8294168,2017,2017-02-01,1902,2017-01-20,1010,699,14,5,5,5,1902,0,0,0,,0,002,"HUNTINGTON DR","1ST AV",0.00,,Y,C,-,N,,,,,,,,,,N,4,0,1,2,A,-,10,21950,A,N,G,B,B,B,H,-,A,A,0,Y,,,,Y,,A,01,0,0,1,0,1,0,0,0,0,"- ","- ",,,"LOS ANGELES",ARCADIA,-118.02835,34.140080099999999
8294171,2017,2017-02-01,1931,2017-01-11,1125,5280,2,3,5,5,1931,0,0,0,,0,002,"STATE ST","RANDOLPH ST",7.00,S,N,A,-,N,,,,,,,,,,N,4,0,1,2,A,-,10,21950,A,N,D,B,B,A,H,-,A,A,0,Y,,,,Y,,A,01,0,0,1,0,1,0,0,0,0,"- ","- ",,,"LOS ANGELES","HUNTINGTON PARK",-118.21260887,33.984310829999998
8294180,2017,2017-02-01,1902,2017-01-18,0835,757,20,3,5,5,1902,0,0,0,,0,004,"FAIRVIEW AV","BALDWIN AV",0.00,,Y,A,-,N,,,,,,,,,,N,4,0,1,2,A,-,10,21950,A,N,G,B,B,A,H,-,A,A,0,Y,,,,Y,,A,01,0,0,1,0,1,0,0,0,0,"- ","- ",,,"LOS ANGELES",ARCADIA,-118.05476006000001,34.128960110000001
8294199,2017,2017-02-01,1931,2017-01-22,0256,5307,1931,7,5,5,1931,0,0,0,,0,003,"PACIFIC BL","GAGE AV",9.00,N,N,A,-,N,,,,,,,,,,N,3,0,1,2,A,-,11,21453,D,F,G,B,B,A,H,-,C,A,0,Y,,,,Y,Y,N,60,0,1,0,0,1,0,0,0,0,"- ","- ",,,"LOS ANGELES","HUNTINGTON PARK",-118.2252,33.981664680000002
8294796,2017,2017-02-06,1965,2017-01-18,2000,3456,0B1N,3,5,5,1965,0,0,0,,0,B001,"OCEAN AV","IDAHO AV",251.00,S,N,C,-,N,,,,,,,,,,N,4,0,1,2,A,-,11,21954,A,N,G,B,E,B,H,-,C,D,0,Y,,,,Y,,N,60,0,0,1,0,1,0,0,0,0,"- ","- ",37.012189999999997,-121.02969,"LOS ANGELES","SANTA MONICA",-118.50538281,34.020397019999997
8295051,2017,2017-02-06,1900,2017-01-19,0644,468751,1192,4,5,6,1992,0,0,0,,0,112T2,"AVENUE K","32ND ST WEST",0.00,,Y,C,-,N,,,,,,,,,,Y,4,0,3,3,A,-,03,22350,,N,A,B,B,-,H,-,C,A,0,Y,,,,Y,,A,,0,0,3,0,1,0,0,0,0,"- ","- ",,,"LOS ANGELES",LANCASTER,-118.18809013000001,34.674790080000001
8295105,2017,2017-02-06,1900,2017-01-21,2340,527056,1126,6,5,6,1992,0,0,0,,0,111T1,"20TH ST W","AVENUE I",528.00,S,N,C,-,N,,,,,,,,,,N,4,0,1,2,A,-,11,21954,A,N,G,B,E,B,H,-,D,D,0,Y,,,,Y,Y,N,60,0,0,1,0,1,0,0,0,0,"- ","- ",,,"LOS ANGELES",LANCASTER,-118.16593078,34.702602579999997
8295137,2017,2017-02-06,1941,2017-01-15,0943,10068,,7,5,7,1941,0,0,0,,0,,"PALO VERDE AV","WARDLOW RD",0.00,,Y,A,-,N,,,,,,,,,,N,4,0,1,2,A,-,10,21952,,N,G,B,B,A,H,-,A,A,0,Y,,,,Y,,A,,0,0,1,0,1,0,0,0,0,"- ","- ",,,"LOS ANGELES","LONG BEACH",-118.10787009000001,33.81887012
8295286,2017,2017-02-07,1942,2017-01-22,2120,41249,LA,7,5,7,1942,0,0,0,,0,9A1,"VICTORY BL","MORSE AV",0.00,,Y,C,-,N,,,,,,,,,,N,3,0,1,2,A,-,10,21950,,M,D,B,C,B,H,-,C,D,0,Y,,,,Y,,-,99,0,1,0,0,1,0,0,0,0,"- ","- ",,,"LOS ANGELES","LOS ANGELES",-118.41594006,34.186680090000003
8295290,2017,2017-06-28,1942,2017-01-25,1545,33779,1918,3,5,7,1942,0,0,0,,0,19T74,"HUBBARD ST","RT 210",0.00,,Y,A,-,Y,LA,7,210,-,R,3.949,R,4,W,N,3,0,1,3,A,-,10,21950,A,F,D,B,B,A,H,-,A,A,0,Y,,,,Y,,-,99,0,1,0,0,1,0,0,0,0,"- ","- ",,,"LOS ANGELES","LOS ANGELES",-118.43129384,34.310044439999999
8295340,2017,2017-02-07,1942,2017-01-23,2115,35433,2137,1,5,7,1942,0,0,0,,0,15T43,"INDEPENDENCE AV","WYANDOTTE ST",0.00,,Y,A,-,N,,,,,,,,,,N,3,0,1,2,A,-,10,21950,A,F,G,B,B,A,H,-,D,D,0,Y,,,,Y,,A,01,0,1,0,0,1,0,0,0,0,"- ","- ",,,"LOS ANGELES","LOS ANGELES",-118.59061002,34.20287003
8295348,2017,2017-02-10,1942,2017-01-21,1740,36755,1981,6,5,7,1942,0,0,0,,0,35T90,"ORION AV","RAYEN ST",0.00,,Y,A,-,N,,,,,,,,,,N,3,0,1,2,A,-,00,20015,,F,G,B,B,A,A,-,B,A,0,Y,,,,Y,,-,99,0,1,0,0,1,0,0,0,0,"- ","- ",,,"LOS ANGELES","LOS ANGELES",-118.47201010000001,34.231920090000003
8295543,2017,2017-02-07,1900,2017-01-16,1730,489533,0452,1,5,6,1949,0,0,0,,0,45T1,"ARLEE AV","LAKELAND RD",7.00,S,N,A,-,N,,,,,,,,,,N,3,0,1,2,A,-,10,21950,A,F,G,B,B,A,H,-,B,D,0,Y,,,,Y,,A,01,0,1,0,0,1,0,0,0,0,"- ","- ",,,"LOS ANGELES",NORWALK,-118.08052974,33.93167081
8295554,2017,2018-02-16,1900,2017-01-22,0001,527381,2610,7,5,6,1950,0,0,0,,0,263T,"PALMDALE BL","10TH ST EAST",0.00,,Y,A,-,Y,LA,7,138,-,-,44.692,I,5,E,N,3,0,2,3,A,-,10,21950,A,F,G,B,B,A,H,-,A,A,0,Y,,,,Y,,A,01,0,1,1,0,2,0,0,0,0,"- ","- ",,,"LOS ANGELES",PALMDALE,-118.11184738999999,34.579563139999998
8295555,2017,2017-02-07,1900,2017-01-01,0100,6300320,2612,7,5,6,1950,0,0,0,,0,262T1,"RANCHO VISTA BL","20TH ST WEST",29.00,W,N,A,-,N,,,,,,,,,,N,4,0,1,2,A,-,11,21954,A,M,G,B,D,A,H,-,A,A,0,Y,,,,Y,Y,N,60,0,0,1,0,1,0,0,0,0,"- ","- ",,,"LOS ANGELES",PALMDALE,-118.165571,34.601725000000002
8296004,2017,2017-02-07,1975,2017-01-09,1153,353,,1,5,6,1975,0,0,0,,0,003,"SUNSET AV","VINE AV",0.00,,Y,A,-,N,,,,,,,,,,Y,2,0,4,5,A,-,09,21801,A,N,G,B,F,A,H,-,A,A,0,Y,,,,Y,,A,01,1,2,1,0,3,0,0,0,0,"- ","- ",,,"LOS ANGELES","WEST COVINA",-117.94343004,34.063800069999999
8296142,2017,2017-02-10,1900,2017-01-30,1341,535052,2847,1,5,5,1915,0,0,0,,0,283T1,"ATLANTIC AV","ALONDRA BL",14.00,S,N,A,-,N,,,,,,,,,,N,4,0,1,2,A,-,11,21453,D,N,G,B,B,A,H,-,A,A,0,Y,,,,Y,,N,60,0,0,1,0,1,0,0,0,0,"- ","- ",,,"LOS ANGELES",COMPTON,-118.19290542,33.888731800000002
8296150,2017,2017-02-10,1900,2017-01-29,0957,520027,2835,7,5,5,1915,0,0,0,,0,282T1,"COMPTON BL","ACACIA AV",45.00,W,N,A,-,N,,,,,,,,,,N,2,0,1,2,A,-,11,21954,A,N,G,B,D,A,H,-,A,D,0,Y,,,,Y,,N,60,1,0,0,0,1,0,0,0,0,"- ","- ",,,"LOS ANGELES",COMPTON,-118.22660793999999,33.895976920000003
8296231,2017,2017-02-07,1900,2017-01-28,2013,517730,2820,6,5,5,1915,0,0,0,,0,28373,"SANTA FE AV","EL SEGUNDO BL",9.00,S,N,A,-,N,,,,,,,,,,N,4,0,1,2,D,-,00,,,N,D,B,B,A,H,-,C,A,0,Y,,,,Y,,-,"- ",0,0,1,0,1,0,0,0,0,"- ","- ",,,"LOS ANGELES",COMPTON,-118.21752623,33.916785519999998
8296235,2017,2017-02-07,1900,2017-01-25,1757,535052,2,3,5,5,1915,0,0,0,,0,001,"OLEANDER AV","PALM ST",4.00,S,N,A,-,N,,,,,,,,,,N,4,0,1,2,D,-,00,,,N,G,B,D,A,H,-,C,D,0,Y,,,,Y,,-,"- ",0,0,1,0,1,0,0,0,0,"- ","- ",,,"LOS ANGELES",COMPTON,-118.22868935,33.895079039999999
8296262,2017,2017-02-09,1900,2017-01-12,1819,602372,1133,4,5,6,1992,0,0,0,,0,112T2,"AVE K","7TH ST EAST",47.00,E,N,B,C,N,,,,,,,,,,Y,2,0,1,2,A,-,11,21954,A,N,G,B,D,B,H,-,D,D,0,Y,,,,Y,,N,60,1,0,0,0,1,0,0,0,0,"- ","- ",,,"LOS ANGELES",LANCASTER,-118.11775401,34.674999999999997
8296661,2017,2017-02-13,1900,2017-01-24,0730,622029,2226,2,5,3,1994,0,0,0,,0,224A,"LAKE LINDERO DR","THOUSAND OAKS BL",0.00,,Y,A,-,N,,,,,,,,,,N,2,0,1,2,A,-,10,21950,A,N,G,B,B,A,H,-,A,A,0,Y,,,,Y,,A,07,1,0,0,0,1,0,0,0,0,"- ","- ",34.15936,-118.79474,"LOS ANGELES","AGOURA HILLS",-118.78914013000001,34.15481011
8296680,2017,2017-02-10,1942,2017-01-15,1750,33029,1494,7,5,7,1942,0,0,0,N,0,14FBL8,"WEST WY","WORLD WY",15.00,S,N,A,-,N,,,,,,,,,,N,4,0,1,2,A,-,10,21950,A,N,G,B,B,A,H,-,C,A,0,Y,,,,Y,,-,,0,0,1,0,1,0,0,0,0,"- ","- ",,,"LOS ANGELES","LOS ANGELES",-118.40603747,33.944803389999997
8296711,2017,2017-02-10,1942,2017-01-14,2337,42069,0303,6,5,7,1942,0,0,0,C,0,3A31,"ADAMS BL","REDONDO BL",0.00,,Y,A,-,N,,,,,,,,,,N,4,0,1,2,A,-,10,21950,A,F,G,B,B,A,H,-,C,A,0,Y,,,,Y,,-,99,0,0,1,0,1,0,0,0,0,"- ","- ",,,"LOS ANGELES","LOS ANGELES",-118.35625009,34.03250001
8296719,2017,2017-02-10,1942,2017-01-05,1915,42282,0357,4,5,7,1942,0,0,0,C,0,3A15,"JEFFERSON BL",CATALINA,0.00,,Y,A,-,N,,,,,,,,,,N,4,0,1,2,A,-,10,21950,A,F,G,B,B,A,H,-,C,D,0,Y,,,,Y,,-,99,0,0,1,0,1,0,0,0,0,"- ","- ",,,"LOS ANGELES","LOS ANGELES",-118.29370012,34.025510050000001
8296872,2017,2017-02-10,1942,2017-01-04,0640,35291,0281,3,5,7,1942,0,0,0,B,0,24T28,"ALVARADO ST","12TH ST",0.00,,Y,B,-,N,,,,,,,,,,N,3,0,1,2,A,-,11,21453,D,F,G,B,B,A,H,-,A,A,0,Y,,,,Y,,N,60,0,1,0,0,1,0,0,0,0,"- ","- ",,,"LOS ANGELES","LOS ANGELES",-118.28172000000001,34.048780000000001
8297203,2017,2017-02-21,1942,2017-01-27,1815,39058,2054,5,5,7,1942,0,0,0,,0,20TL56,"S ARDMORE AV","SAN MARINO ST",25.00,S,N,A,-,N,,,,,,,,,,N,4,0,1,2,A,-,10,21950,A,N,G,B,B,A,H,-,C,A,0,Y,,,,Y,,D,22,0,0,1,0,1,0,0,0,0,"- ","- ",,,"LOS ANGELES","LOS ANGELES",-118.30209000000001,34.054421439999999
8297458,2017,2017-02-15,1942,2017-01-03,1845,41704,1249,2,5,7,1942,0,0,0,L,0,12TL73,"FIGUEROA ST",FLORENCE,5.00,E,N,A,-,N,,,,,,,,,,N,4,0,1,2,A,-,11,21456,B,N,D,B,B,A,H,-,C,A,0,Y,,,,Y,,N,60,0,0,1,0,1,0,0,0,0,"- ","- ",,,"LOS ANGELES","LOS ANGELES",-118.28270000000001,33.97466
8297502,2017,2017-02-15,1942,2017-01-16,1625,37966,0848,1,5,7,1942,0,0,0,H,0,6TL4,"OLYMPIC BL","CENTURY PARK EAST",580.00,W,N,A,-,N,,,,,,,,,,N,3,0,1,2,A,-,11,21954,A,N,G,B,D,A,H,-,A,D,0,Y,,,,Y,,N,60,0,1,0,0,1,0,0,0,0,"- ","- ",,,"LOS ANGELES","LOS ANGELES",-118.41334152,34.05738333
8297521,2017,2017-02-13,1942,2017-01-12,0630,41580,851,4,5,7,1942,0,0,0,,0,8A53,WILSHIRE,BARRINGTON,3.00,E,N,B,C,N,,,,,,,,,,N,4,0,1,2,A,-,10,21950,A,N,A,B,B,B,H,-,B,A,0,Y,,,,Y,,-,,0,0,1,0,1,0,0,0,0,"- ","- ",,,"LOS ANGELES","LOS ANGELES",-118.46086301,34.049485820000001
8297526,2017,2017-05-16,1942,2017-01-17,2125,24475,0711,2,5,7,1942,0,0,0,G,0,6T7,"FAIRFAX AV","OAKWOOD AV",25.00,N,N,A,-,N,,,,,,,,,,N,4,0,1,2,A,-,11,21950,B,N,G,B,C,A,H,-,C,D,0,Y,,,,Y,,N,60,0,0,1,0,1,0,0,0,0,"- ","- ",,,"LOS ANGELES","LOS ANGELES",-118.36148,34.078268569999999
8297561,2017,2017-02-13,1942,2017-01-22,0420,41210,0721,7,5,7,1942,0,0,0,G,0,6T7,"LA CIENEGA BL","BEVERLY BL",0.00,,Y,C,-,N,,,,,,,,,,N,3,0,1,2,A,-,11,21456,B,N,G,B,B,B,H,-,C,A,0,Y,,,,Y,,N,60,0,1,0,0,1,0,0,0,0,"- ","- ",,,"LOS ANGELES","LOS ANGELES",-118.37661004,34.076060050000002
8297569,2017,2017-02-13,1942,2017-01-28,1801,42431,0819,6,5,7,1942,0,0,0,H,0,8A29,"SUNSET BL","MAPLETON DR",15.00,W,N,A,-,N,,,,,,,,,,Y,2,0,1,2,A,-,11,21955,,N,G,B,D,A,H,-,C,D,0,Y,,,,Y,,N,60,1,0,0,0,1,0,0,0,0,"- ","- ",,,"LOS ANGELES","LOS ANGELES",-118.43274866,34.0825873
8297571,2017,2017-02-13,1942,2017-01-23,2315,31745,1412,1,5,7,1942,0,0,0,N,0,14FB11,"OCEAN FRONT WALK","ROSE AV",129.00,N,N,A,-,N,,,,,,,,,,N,3,0,1,2,A,-,17,21663,,F,A,B,F,A,H,-,C,A,0,Y,,,,Y,,-,99,0,1,0,0,1,0,0,0,0,"- ","- ",,,"LOS ANGELES","LOS ANGELES",-118.48078511999999,33.994902949999997