CASE_ID,ACCIDENT_YEAR,PROC_DATE,JURIS,COLLISION_DATE,COLLISION_TIME,OFFICER_ID,REPORTING_DISTRICT,DAY_OF_WEEK,CHP_SHIFT,POPULATION,CNTY_CITY_LOC,SPECIAL_COND,BEAT_TYPE,CHP_BEAT_TYPE,CITY_DIVISION_LAPD,CHP_BEAT_CLASS,BEAT_NUMBER,PRIMARY_RD,SECONDARY_RD,DISTANCE,DIRECTION,INTERSECTION,WEATHER_1,WEATHER_2,STATE_HWY_IND,CALTRANS_COUNTY,CALTRANS_DISTRICT,STATE_ROUTE,ROUTE_SUFFIX,POSTMILE_PREFIX,POSTMILE,LOCATION_TYPE,RAMP_INTERSECTION,SIDE_OF_HWY,TOW_AWAY,COLLISION_SEVERITY,NUMBER_KILLED,NUMBER_INJURED,PARTY_COUNT,PRIMARY_COLL_FACTOR,PCF_CODE_OF_VIOL,PCF_VIOL_CATEGORY,PCF_VIOLATION,PCF_VIOL_SUBSECTION,HIT_AND_RUN,TYPE_OF_COLLISION,MVIW,PED_ACTION,ROAD_SURFACE,ROAD_COND_1,ROAD_COND_2,LIGHTING,CONTROL_DEVICE,CHP_ROAD_TYPE,PEDESTRIAN_ACCIDENT,BICYCLE_ACCIDENT,MOTORCYCLE_ACCIDENT,TRUCK_ACCIDENT,NOT_PRIVATE_PROPERTY,ALCOHOL_INVOLVED,STWD_VEHTYPE_AT_FAULT,CHP_VEHTYPE_AT_FAULT,COUNT_SEVERE_INJ,COUNT_VISIBLE_INJ,COUNT_COMPLAINT_PAIN,COUNT_PED_KILLED,COUNT_PED_INJURED,COUNT_BICYCLIST_KILLED,COUNT_BICYCLIST_INJURED,COUNT_MC_KILLED,COUNT_MC_INJURED,PRIMARY_RAMP,SECONDARY_RAMP,LATITUDE,LONGITUDE,COUNTY,CITY,POINT_X,POINT_Y
8345294,2017,2017-04-25,1942,2017-03-17,2315,40325,0245,5,5,7,1942,0,0,0,B,0,24T34,"WILSHIRE BL","CARONDELET ST",0.00,,Y,A,-,N,,,,,,,,,,N,3,0,1,2,A,-,11,21453,D,N,G,B,B,A,H,-,C,A,0,Y,,,,Y,Y,N,60,0,1,0,0,1,0,0,0,0,"- ","- ",,,"LOS ANGELES","LOS ANGELES",-118.28054014,34.060090019999997
8345474,2017,2017-04-14,1942,2017-03-31,1015,31288,1803,5,5,7,1942,0,0,0,R,0,18T23,"MANCHESTER AV","SAN PEDRO ST",3.00,E,N,A,-,N,,,,,,,,,,Y,2,0,2,3,A,-,03,22350,A,N,A,B,B,A,H,-,A,A,0,Y,,,,Y,,D,22,1,0,1,0,1,0,0,0,0,"- ","- ",,,"LOS ANGELES","LOS ANGELES",-118.26949012999999,33.96011
8345491,2017,2017-04-12,1907,2017-01-24,1245,201,1,2,5,4,1907,0,0,0,,0,,"ATLANTIC AV","BELL AV",0.00,,Y,A,-,N,,,,,,,,,,N,4,0,1,2,A,-,00,21281,,N,D,J,-,A,H,-,A,D,0,Y,,,,Y,,N,60,0,0,1,0,1,0,0,0,0,"- ","- ",33.974170000000001,-118.18805999999999,"LOS ANGELES",BELL,-118.18759002,33.974420090000002
8345569,2017,2017-04-13,1907,2017-03-14,1621,211,1,2,5,4,1907,0,0,0,,0,,"GAGE AV","CALIFORNIA AV",54.00,W,N,A,-,N,,,,,,,,,,N,4,0,1,2,A,-,11,21956,A,N,G,B,E,A,H,-,A,D,0,Y,,,,Y,,N,60,0,0,1,0,1,0,0,0,0,"- ","- ",33.979869999999998,-118.20205,"LOS ANGELES",BELL,-118.20250670999999,33.979656060000003
8345611,2017,2017-04-14,1972,2017-03-07,1608,19086,,2,5,6,1972,0,0,0,,0,,"182 ST",BAILEY,0.00,,Y,A,-,N,,,,,,,,,,N,3,0,1,2,A,-,10,21950,A,N,G,B,B,A,H,-,A,D,0,Y,,,,Y,,A,,0,1,0,0,1,0,0,0,0,"- ","- ",,,"LOS ANGELES",TORRANCE,-118.34712,33.865569999999998
8345624,2017,2018-04-25,1942,2017-04-03,1820,42155,0513,1,5,7,1942,0,0,0,E,0,18T23,"PACIFIC COAST HWY","NORMANDIE AV",0.00,,Y,A,-,Y,LA,7,1,-,-,12.510,H,-,S,Y,2,0,2,3,A,-,07,21658,A,N,G,B,B,A,H,-,C,A,0,Y,,,,Y,,A,07,1,0,1,0,1,0,0,0,0,"- ","- ",,,"LOS ANGELES","LOS ANGELES",-118.29740241,33.78991645
8345627,2017,2017-04-14,1972,2017-03-04,0913,19767,,6,5,6,1972,0,0,0,,0,,"PRAIRIE AV","ARTESIA BL",117.00,N,N,A,-,N,,,,,,,,,,N,3,0,1,2,A,-,05,21650,1,M,H,-,F,A,H,-,A,D,0,Y,Y,,,Y,,L,,0,1,0,0,1,0,0,0,0,"- ","- ",,,"LOS ANGELES",TORRANCE,-118.34381999999999,33.8732209
8345645,2017,2017-04-17,1942,2017-03-24,0715,41911,0353,5,5,7,1942,0,0,0,C,0,25EL1,"RODEO RD","VICTORIA AV",3.00,W,N,A,-,N,,,,,,,,,,N,4,0,1,2,A,-,10,21950,A,F,G,B,B,A,H,-,A,D,0,Y,,,,Y,,-,99,0,0,1,0,1,0,0,0,0,"- ","- ",,,"LOS ANGELES","LOS ANGELES",-118.33635988,34.0214401
8345646,2017,2017-04-17,1942,2017-03-26,1530,33599,1834,7,5,7,1942,0,0,0,R,0,3TL5,"AVALON BL","108TH ST",157.00,N,N,A,-,N,,,,,,,,,,N,3,0,1,2,A,-,10,21950,C,F,G,B,E,A,H,-,A,D,0,Y,,,,Y,,-,99,0,1,0,0,1,0,0,0,0,"- ","- ",,,"LOS ANGELES","LOS ANGELES",-118.26519743,33.938710559999997
8345648,2017,2017-04-14,1942,2017-04-04,1925,42155,1256,2,5,7,1942,0,0,0,L,0,3T5,"FIGUEROA ST","74TH ST",10.00,N,N,A,-,N,,,,,,,,,,N,3,0,1,2,A,-,10,21950,A,N,G,B,B,A,H,-,C,A,0,Y,,,,Y,Y,A,01,0,1,0,0,1,0,0,0,0,"- ","- ",,,"LOS ANGELES","LOS ANGELES",-118.28270999999999,33.972737430000002
8345654,2017,2017-04-17,1942,2017-03-31,0015,41521,1251,5,5,7,1942,0,0,0,L,0,5T21,"VAN NESS AV","70TH ST",80.00,S,N,A,G,N,,,,,,,,,,N,3,0,1,2,A,-,11,21954,A,F,G,B,D,A,H,-,C,A,0,Y,,,,Y,,N,60,0,1,0,0,1,0,0,0,0,"- ","- ",,,"LOS ANGELES","LOS ANGELES",-118.31775,33.976160589999999
8345665,2017,2017-04-17,1942,2017-03-11,0525,25904,0358,6,5,7,1942,0,0,0,C,0,,"JEFFERSON BL","FLOWER AV",0.00,,Y,A,-,N,,,,,,,,,,N,4,0,1,2,A,-,10,21950,A,F,-,C,B,A,H,-,B,D,0,Y,,,,Y,,-,99,0,0,1,0,1,0,0,0,0,"- ","- ",,,"LOS ANGELES","LOS ANGELES",-118.27873009,34.021380039999997
8345666,2017,2017-04-17,1942,2017-03-06,1444,40099,0236,1,5,7,1942,0,0,0,B,0,21T54,"3RD ST","ALVARADO BL",12.00,W,N,A,-,N,,,,,,,,,,N,4,0,1,2,A,-,10,21950,A,N,G,B,B,A,H,-,A,A,0,Y,,,,Y,,A,01,0,0,1,0,1,0,0,0,0,"- ","- ",,,"LOS ANGELES","LOS ANGELES",-118.27274795,34.062969260000003
8345670,2017,2017-04-17,1942,2017-03-08,1630,39761,0299,3,5,7,1942,0,0,0,B,0,24T53,"PICO BL","ALBANY ST",0.00,,Y,A,-,N,,,,,,,,,,N,3,0,1,2,A,-,11,21950,B,N,G,B,B,A,H,-,A,A,0,Y,,,,Y,,N,60,0,1,0,0,1,0,0,0,0,"- ","- ",,,"LOS ANGELES","LOS ANGELES",-118.27400007999999,34.043330060000002
8345674,2017,2017-04-17,1942,2017-03-22,0110,41618,0129,3,5,7,1942,0,0,0,A,0,1A29,"EAST COMMERCIAL ST","ALAMEDA ST",0.00,,Y,C,-,N,,,,,,,,,,N,2,0,1,2,A,-,11,21955,,F,B,B,E,B,-,-,C,D,0,Y,,,,Y,,N,60,1,0,0,0,1,0,0,0,0,"- ","- ",,,"LOS ANGELES","LOS ANGELES",-118.23794001,34.053750049999998
8345678,2017,2017-04-17,1942,2017-03-31,2055,36698,0143,5,5,7,1942,0,0,0,A,0,24T34W,BROADWAY,"4TH ST",60.00,N,N,A,-,N,,,,,,,,,,N,4,0,1,2,A,-,21,22106,,F,G,B,E,A,H,-,C,D,0,Y,,,,Y,,-,99,0,0,1,0,1,0,0,0,0,"- ","- ",,,"LOS ANGELES","LOS ANGELES",-118.249269,34.049638999999999
8345793,2017,2018-03-21,1900,2017-04-04,1420,606653,0521,2,5,4,1971,0,0,0,,0,52T1PM,"RT 164","EMPEROR AV",15.00,N,N,A,-,N,,,,,,,,,,N,3,0,1,2,A,-,10,21950,A,N,G,B,B,A,H,-,A,A,0,Y,,,,Y,,H,13,0,1,0,0,1,0,0,0,0,"- ","- ",34.116999999999997,-118.0731,"LOS ANGELES","TEMPLE CITY",-118.073144,34.116939000000002
8345890,2017,2017-04-17,1955,2017-03-18,0154,42144,0053,6,5,6,1955,0,0,0,,0,001,"MISSION BL","DUDLEY ST",118.00,E,N,A,-,N,,,,,,,,,,N,2,0,1,2,A,-,11,21954,A,F,G,B,D,A,H,-,C,A,0,Y,,,,Y,,N,60,1,0,0,0,1,0,0,0,0,"- ","- ",,,"LOS ANGELES",POMONA,-117.77321571,34.054578040000003
8345905,2017,2017-04-17,1900,2017-03-27,0845,532987,0454,1,5,6,1949,0,0,0,,0,43K3,"VOLUNTEER AV","IMPERIAL HWY",0.00,,Y,A,-,N,,,,,,,,,,N,4,0,1,2,A,-,10,21950,A,N,G,B,B,A,H,-,A,A,0,Y,,,,Y,,A,01,0,0,1,0,1,0,0,0,0,"- ","- ",,,"LOS ANGELES",NORWALK,-118.06869012999999,33.91720007
8345906,2017,2017-04-17,1955,2017-03-19,2100,42085,0030,7,5,6,1955,0,0,0,,0,002,"FOOTHILL BL","EQUATION RD",342.00,E,N,A,-,N,,,,,,,,,,N,3,0,1,2,A,-,11,21954,A,N,G,B,D,A,-,-,C,D,0,Y,,,,Y,,N,60,0,1,0,0,1,0,0,0,0,"- ","- ",,,"LOS ANGELES",POMONA,-117.74529432999999,34.107289999999999
8346026,2017,2017-04-18,1972,2017-03-21,1544,19086,,2,5,6,1972,0,0,0,,0,,PRAIRIE,"182ND ST",0.00,,Y,C,-,N,,,,,,,,,,N,4,0,1,2,A,-,10,21950,A,N,G,B,B,B,H,-,A,A,0,Y,,,,Y,,A,,0,0,1,0,1,0,0,0,0,"- ","- ",,,"LOS ANGELES",TORRANCE,-118.3438,33.865580059999999
8346077,2017,2017-04-18,1972,2017-03-13,1408,19086,,1,5,6,1972,0,0,0,,0,,ARLINGTON,"PLAZA DEL AMO",0.00,,Y,A,-,N,,,,,,,,,,N,3,0,1,2,A,-,10,21950,A,N,G,B,B,A,H,-,A,A,0,Y,,,,Y,,A,,0,1,0,0,1,0,0,0,0,"- ","- ",,,"LOS ANGELES",TORRANCE,-118.31775012999999,33.824900040000003
8346418,2017,2017-04-14,1922,2017-03-13,1939,658,P3,1,5,6,1922,0,0,0,,0,003,"GARVEY AV",LEXINGTON,5.00,E,N,A,-,N,,,,,,,,,,N,3,0,1,2,A,-,11,21950,B,N,G,B,B,A,H,-,C,A,0,Y,,,,Y,Y,N,60,0,1,0,0,1,0,0,0,0,"- ","- ",,,"LOS ANGELES","EL MONTE",-118.03927353,34.062829999999998
8346498,2017,2017-04-19,1907,2017-02-28,1515,201,1,2,5,4,1907,0,0,0,,0,,"FLORENCE AV","BEAR AV",0.00,,Y,A,-,N,,,,,,,,,,N,3,0,1,2,A,-,11,21950,B,N,G,B,B,A,H,-,A,A,0,Y,,,,Y,,N,60,0,1,0,0,1,0,0,0,0,"- ","- ",33.971449999999997,-118.19893999999999,"LOS ANGELES",BELL,-118.19896002,33.971460030000003
8346611,2017,2017-04-18,1942,2017-04-05,1545,42697,1476,3,5,7,1942,0,0,0,N,0,14A73,"80TH ST","EMERSON AV",15.00,W,N,A,-,N,,,,,,,,,,N,3,0,1,2,A,-,11,21954,A,N,G,B,-,A,H,-,A,D,0,Y,,,,Y,,N,60,0,1,0,0,1,0,0,0,0,"- ","- ",,,"LOS ANGELES","LOS ANGELES",-118.40592703,33.968772780000002
8346642,2017,2017-04-17,1942,2017-02-17,1800,41921,0565,5,5,7,1942,0,0,0,E,0,5T21,"13TH ST","GRAND AV",0.00,,Y,C,-,N,,,,,,,,,,N,4,0,1,2,A,-,10,21950,A,F,G,B,B,B,H,-,C,A,0,Y,,,,Y,,-,99,0,0,1,0,1,0,0,0,0,"- ","- ",,,"LOS ANGELES","LOS ANGELES",-118.29019012000001,33.732430059999999
8346678,2017,2017-04-17,1942,2017-02-28,1510,40869,0311,2,5,7,1942,0,0,0,C,0,37LS,"BODEN ST","THURMAN AV",45.00,E,N,A,-,N,,,,,,,,,,N,4,0,1,2,A,-,11,21956,A,N,G,B,E,A,H,-,A,D,0,Y,,,,Y,,N,60,0,0,1,0,1,0,0,0,0,"- ","- ",,,"LOS ANGELES","LOS ANGELES",-118.36908270000001,34.028006140000002
8346921,2017,2017-04-20,1942,2017-03-29,1820,33779,1902,3,5,7,1942,0,0,0,,0,15TL44,"DRONFIELD AV","POLK ST",395.00,N,N,A,-,N,,,,,,,,,,Y,4,0,2,3,A,-,03,22350,,N,B,E,F,A,H,-,B,A,0,Y,,,,Y,,D,22,0,0,2,0,1,0,0,0,0,"- ","- ",,,"LOS ANGELES","LOS ANGELES",-118.44472208000001,34.313631440000002
8346992,2017,2017-04-26,1942,2017-03-22,1115,40773,2031,3,5,7,1942,0,0,0,,0,7T23,"WILSHIRE BL","VAN NESS AV",82.00,W,N,A,-,N,,,,,,,,,,N,2,0,1,3,A,-,03,22350,,N,E,I,E,A,D,-,A,A,0,Y,,,Y,Y,,I,20,1,0,0,0,1,0,0,0,0,"- ","- ",,,"LOS ANGELES","LOS ANGELES",-118.31557022,34.061700000000002
8347014,2017,2017-04-27,1900,2017-01-17,1530,529803,1349,2,5,3,1903,0,0,0,,0,134A,"CLARKDALE AV","183RD ST",0.00,,Y,A,-,N,,,,,,,,,,N,3,0,2,3,A,-,11,21456,A,N,G,B,B,A,H,-,A,A,0,Y,,,,Y,,D,22,0,2,0,0,2,0,0,0,0,"- ","- ",,,"LOS ANGELES",ARTESIA,-118.07977011,33.865750089999999
8347040,2017,2017-05-03,1969,2017-03-27,1902,10114,,1,5,5,1969,0,0,0,,0,002,"SANTA ANA ST","SEVILLE AV",450.00,W,N,A,-,N,,,,,,,,,,Y,4,0,2,3,A,-,10,21954,B,N,G,B,D,A,H,-,B,D,0,Y,,,,Y,,D,22,0,0,2,0,2,0,0,0,0,"- ","- ",,,"LOS ANGELES","SOUTH GATE",-118.2239103,33.964618629999997
8347044,2017,2017-04-21,1942,2017-03-23,1620,40157,0649,4,5,7,1942,0,0,0,F,0,6TL4,"KINGSLEY DR","HOLLYWOOD BL",80.00,S,N,A,-,N,,,,,,,,,,N,3,0,1,2,C,-,18,,,N,G,B,E,A,H,-,A,D,0,Y,,,,Y,,-,"- ",0,1,0,0,1,0,0,0,0,"- ","- ",,,"LOS ANGELES","LOS ANGELES",-118.30352000000001,34.101750000000003
8347084,2017,2017-04-18,1942,2017-03-20,1720,31255,0636,1,5,7,1942,0,0,0,F,0,7TL38,"LAS PALMAS AV","YUCCA ST",190.00,S,N,A,-,N,,,,,,,,,,N,4,0,1,2,A,-,11,21954,A,N,G,B,D,A,H,-,A,D,0,Y,,,,Y,,N,60,0,0,1,0,1,0,0,0,0,"- ","- ",,,"LOS ANGELES","LOS ANGELES",-118.33615737,34.102679000000002
8347194,2017,2017-04-17,1942,2017-04-02,1910,41957,1427,7,5,7,1942,0,0,0,N,0,8T35,"SEPULVEDA BL","CLOVER AV",17.00,S,N,A,-,N,,,,,,,,,,N,2,0,1,2,A,-,10,21950,A,N,G,B,B,A,H,-,A,A,0,Y,,,,Y,,A,01,1,0,0,0,1,0,0,0,0,"- ","- ",,,"LOS ANGELES","LOS ANGELES",-118.42793838999999,34.026441509999998
8347223,2017,2017-04-27,1942,2017-04-02,2235,36955,0724,7,5,7,1942,0,0,0,G,0,7A33,"BEVERLY BL",FAIRFAX,0.00,,Y,A,-,N,,,,,,,,,,N,4,0,1,2,A,-,17,21451,A,N,G,B,B,A,H,-,C,A,0,Y,,,,Y,,A,01,0,0,1,0,1,0,0,0,0,"- ","- ",,,"LOS ANGELES","LOS ANGELES",-118.3614601,34.076100019999998
8347236,2017,2017-04-17,1941,2017-04-01,1812,10952,,6,5,7,1941,0,0,0,,0,,"PACIFIC AV","1ST ST",0.00,,Y,A,-,N,,,,,,,,,,N,4,0,1,2,A,-,08,22107,,N,G,B,F,A,H,-,A,D,0,Y,,,,Y,,E,,0,0,1,0,1,0,0,0,0,"- ","- ",,,"LOS ANGELES","LONG BEACH",-118.19374008,33.768070090000002
8347251,2017,2017-04-17,1942,2017-04-05,1250,38356,1663,3,5,7,1942,0,0,0,P,0,16TL26,"SHELDON ST","LAUREL CYN BL",3.00,W,N,A,-,N,,,,,,,,,,N,4,0,1,2,A,-,10,21950,A,N,G,B,B,A,H,-,A,A,0,Y,,,,Y,,A,01,0,0,1,0,1,0,0,0,0,"- ","- ",,,"LOS ANGELES","LOS ANGELES",-118.40373766,34.231954780000002
8347279,2017,2017-04-17,1942,2017-04-01,0030,34619,0939,6,5,7,1942,0,0,0,I,0,9A63,"MORSE AV","VICTORY BL",150.00,S,N,A,-,N,,,,,,,,,,N,3,0,1,3,A,-,03,22350,,F,C,E,-,A,H,-,C,D,0,Y,,,,Y,,-,99,0,1,0,0,1,0,0,0,0,"- ","- ",,,"LOS ANGELES","LOS ANGELES",-118.41594000000001,34.186268570000003
8347281,2017,2017-04-17,1942,2017-04-03,0545,33504,1962,1,5,7,1942,0,0,0,,0,19TL77,"SEPULVEDA BL","LASSEN ST",0.00,,Y,A,-,N,,,,,,,,,,N,3,0,1,2,A,-,10,21950,A,N,G,B,B,A,H,-,C,A,0,Y,,,,Y,,A,07,0,1,0,0,1,0,0,0,0,"- ","- ",,,"LOS ANGELES","LOS ANGELES",-118.46753007,34.250040079999998
8347293,2017,2017-04-17,1942,2017-04-06,2205,39410,1014,4,5,7,1942,0,0,0,J,0,15T49,"VICTORY BL","RESEDA BL",8.00,E,N,A,-,N,,,,,,,,,,Y,3,0,2,3,A,-,01,23152,A,N,G,B,B,A,H,-,A,A,0,Y,,,,Y,,A,01,0,1,1,0,2,0,0,0,0,"- ","- ",,,"LOS ANGELES","LOS ANGELES",-118.5359936,34.186569640000002
8347297,2017,2017-04-17,1942,2017-04-05,1940,27792,1984,3,5,7,1942,0,0,0,,0,10TW3,"WILLIS AV","CHASE AV",40.00,S,N,A,-,N,,,,,,,,,,Y,4,0,1,2,A,-,11,21956,A,F,G,B,E,A,H,-,C,D,0,Y,,,,Y,,N,60,0,0,1,0,1,0,0,0,0,"- ","- ",,,"LOS ANGELES","LOS ANGELES",-118.45529136,34.224610290000001
8347361,2017,2017-04-19,1941,2017-04-03,2152,6265,,1,5,7,1941,0,0,0,,0,,"2ND ST","GRAND AV",0.00,,Y,A,-,N,,,,,,,,,,N,4,0,1,2,A,-,12,22450,A,M,G,B,B,A,H,-,C,A,0,Y,,,,Y,,A,,0,0,1,0,1,0,0,0,0,"- ","- ",,,"LOS ANGELES","LONG BEACH",-118.14809008,33.762560100000002
8347389,2017,2017-04-19,1931,2017-04-09,1830,5317,1931,7,5,5,1931,0,0,0,,0,004,"STATE ST","SATURN AV",0.00,,Y,A,-,N,,,,,,,,,,N,4,0,1,2,A,-,10,21950,A,N,G,B,B,A,H,-,A,A,0,Y,,,,Y,,A,07,0,0,1,0,1,0,0,0,0,"- ","- ",,,"LOS ANGELES","HUNTINGTON PARK",-118.21246003,33.976450079999999
8347474,2017,2017-04-20,1942,2017-02-12,1510,34426,0269,7,5,7,1942,0,0,0,B,0,24TL51,"COLUMBIA AV","8TH ST",0.00,,Y,A,-,N,,,,,,,,,,N,4,0,1,2,A,-,10,21950,A,N,G,B,B,A,H,-,A,A,0,Y,,,,Y,,A,07,0,0,1,0,1,0,0,0,0,"- ","- ",,,"LOS ANGELES","LOS ANGELES",-118.26992009999999,34.050610059999997
8347518,2017,2017-04-20,1942,2017-02-08,1310,38357,0257,3,5,7,1942,0,0,0,B,0,24TL29,"6TH ST","VALENCIA ST",45.00,W,N,A,-,N,,,,,,,,,,Y,4,0,2,3,A,-,03,22350,,N,A,I,F,A,H,-,A,D,0,Y,Y,,,Y,,A,08,0,0,2,0,1,0,1,0,0,"- ","- ",,,"LOS ANGELES","LOS ANGELES",-118.26745397000001,34.056302879999997
8347560,2017,2017-04-24,1942,2017-03-22,1750,30586,2093,3,5,7,1942,0,0,0,,0,8T26,"CORDOVA ST","MARIPOSA AV",210.00,W,N,A,-,N,,,,,,,,,,N,3,0,1,2,A,-,11,21954,A,N,G,B,E,A,H,-,A,D,0,Y,,,,Y,,N,60,0,1,0,0,1,0,0,0,0,"- ","- ",,,"LOS ANGELES","LOS ANGELES",-118.29905171,34.039080589999998
8347576,2017,2017-04-24,1942,2017-03-29,2305,37966,2025,3,5,7,1942,0,0,0,,0,20T59,"NORMANDIE AV","3RD ST",337.00,S,N,A,-,N,,,,,,,,,,N,3,0,1,2,A,-,11,21956,A,N,G,B,E,A,H,-,C,D,0,Y,,,,Y,Y,N,60,0,1,0,0,1,0,0,0,0,"- ","- ",,,"LOS ANGELES","LOS ANGELES",-118.30035506,34.068085770000003
8347596,2017,2017-04-24,1942,2017-03-30,1920,37966,2031,4,5,7,1942,0,0,0,,0,7T23,"WESTERN AV","INGRAHAM ST",22.00,S,N,A,-,N,,,,,,,,,,N,4,0,1,2,A,-,11,21954,A,N,G,B,D,A,H,-,C,D,0,Y,,,,Y,,N,60,0,0,1,0,1,0,0,0,0,"- ","- ",,,"LOS ANGELES","LOS ANGELES",-118.30909,34.060629659999996
8347686,2017,2017-04-24,1942,2017-03-27,0755,41089,0758,1,5,7,1942,0,0,0,G,0,7TL23,"WEST BL","EDGEWOOD PL",330.00,S,N,A,-,N,,,,,,,,,,N,3,0,1,2,A,-,10,21952,,N,H,B,F,A,H,-,A,D,0,Y,,,,Y,,A,01,0,1,0,0,1,0,0,0,0,"- ","- ",,,"LOS ANGELES","LOS ANGELES",-118.33177043000001,34.053630419999998
8347689,2017,2017-04-24,1942,2017-03-24,0950,40488,2024,5,5,7,1942,0,0,0,,0,20EL3,"6TH ST","OXFORD AV",2.00,E,N,A,-,N,,,,,,,,,,N,4,0,1,2,A,-,10,21950,A,F,G,B,B,A,H,-,A,A,0,Y,,,,Y,,-,99,0,0,1,0,1,0,0,0,0,"- ","- ",,,"LOS ANGELES","LOS ANGELES",-118.30784341,34.063520109999999
8347697,2017,2017-04-24,1942,2017-03-31,1850,41957,1495,5,5,7,1942,0,0,0,N,0,6T7,"WESTCHESTER WY","JENNY AV",0.00,,Y,A,-,N,,,,,,,,,,Y,3,0,4,4,A,-,09,21801,A,N,D,B,F,A,H,-,A,A,0,Y,,,,Y,,A,01,0,1,3,0,1,0,0,0,0,"- ","- ",,,"LOS ANGELES","LOS ANGELES",-118.38927004999999,33.952640090000003
8347704,2017,2017-04-27,1942,2017-04-03,1345,39784,1443,1,5,7,1942,0,0,0,N,0,14A73,"LINCOLN BL","GARFIELD AV",50.00,N,N,A,-,N,,,,,,,,,,N,4,0,1,2,-,-,"- ",,,F,G,B,E,A,H,-,A,D,0,Y,,,,Y,,-,"- ",0,0,1,0,1,0,0,0,0,"- ","- ",,,"LOS ANGELES","LOS ANGELES",-118.45032117,33.992880589999999
8347712,2017,2017-04-25,1942,2017-04-01,2100,42161,2079,6,5,7,1942,0,0,0,,0,20T59,"PICO BL","ELDEN AV",18.00,W,N,A,-,N,,,,,,,,,,N,3,0,1,2,A,-,11,21954,A,N,G,B,D,A,H,-,C,D,0,Y,,,,Y,,N,60,0,1,0,0,1,0,0,0,0,"- ","- ",,,"LOS ANGELES","LOS ANGELES",-118.2877593,34.04729931
8347745,2017,2017-04-24,1942,2017-03-21,0900,01484,1494,2,5,7,1942,0,0,0,N,0,5M23,"EAST WY","WORLD WAY NORTH",24.00,S,N,B,-,N,,,,,,,,,,N,4,0,1,2,A,-,03,22350,,N,G,B,C,A,H,-,A,D,0,Y,,,,Y,,A,01,0,0,1,0,1,0,0,0,0,"- ","- ",,,"LOS ANGELES","LOS ANGELES",-118.40201322,33.945314850000003
8347971,2017,2017-04-25,1944,2017-03-24,1421,329,SOUTH,5,5,4,1944,0,0,0,,0,004,"MARINE AV","CEDAR AV",15.00,E,N,A,-,N,,,,,,,,,,N,3,0,1,2,A,-,08,22107,,F,G,B,B,A,H,-,A,A,0,Y,,,,Y,,A,01,0,1,0,0,1,0,0,0,0,"- ","- ",,,"LOS ANGELES","MANHATTAN BEACH",-118.39480066,33.894710000000003
8347984,2017,2017-04-26,1944,2017-04-02,1830,224,2M72,7,5,4,1944,0,0,0,,0,003,"MARINE AV","BLANCHE RD",30.00,E,N,A,-,N,,,,,,,,,,N,4,0,1,2,D,-,00,,,N,G,B,E,A,H,-,A,D,0,Y,,,,Y,,-,"- ",0,0,1,0,1,0,0,0,0,"- ","- ",,,"LOS ANGELES","MANHATTAN BEACH",-118.40857077,33.893279049999997
8348265,2017,2017-04-27,1900,2017-01-19,0635,460889,1322,4,5,5,1935,0,0,0,,0,132T10,"WOODRUFF AV","ALLINGTON ST",0.00,,Y,C,-,N,,,,,,,,,,N,2,0,1,2,A,-,10,21950,A,F,G,B,B,B,H,-,B,A,0,Y,,,,Y,,-,99,1,0,0,0,1,0,0,0,0,"- ","- ",,,"LOS ANGELES",LAKEWOOD,-118.11719008999999,33.8655501
8348277,2017,2017-04-27,1900,2017-01-22,1230,551821,1327,7,5,5,1935,0,0,0,,0,132T1,"CARSON ST","NECTAR AV",0.00,,Y,C,-,N,,,,,,,,,,N,4,0,1,2,A,-,10,21950,A,N,D,B,B,B,H,-,A,A,0,Y,,,,Y,,A,01,0,0,1,0,1,0,0,0,0,"- ","- ",,,"LOS ANGELES",LAKEWOOD,-118.08797013,33.831510010000002
8348286,2017,2017-04-27,1942,2017-03-29,0800,42601,1266,3,5,7,1942,0,0,0,L,0,12A69,"81ST ST","W FIGUEROA ST",105.00,W,N,A,-,N,,,,,,,,,,N,4,0,1,2,A,-,03,22350,A,N,D,B,D,A,H,-,A,D,0,Y,,,,Y,,A,01,0,0,1,0,1,0,0,0,0,"- ","- ",,,"LOS ANGELES","LOS ANGELES",-118.28272,33.965940000000003
8348290,2017,2017-04-27,1942,2017-03-01,1519,36737,0563,3,5,7,1942,0,0,0,E,0,5A85,"GAFFEY ST","17TH ST",0.00,,Y,A,-,N,,,,,,,,,,N,3,0,1,2,A,-,10,21950,A,N,G,B,B,A,H,-,A,A,0,Y,,,,Y,,A,01,0,1,0,0,1,0,0,0,0,"- ","- ",,,"LOS ANGELES","LOS ANGELES",-118.29239004,33.728800020000001
8348314,2017,2017-04-27,1942,2017-03-10,0740,26217,0351,5,5,7,1942,0,0,0,C,0,25MQ12,"FARMDALE AV","EXPOSITION BL",80.00,S,N,A,-,N,,,,,,,,,,N,3,0,1,2,A,-,11,21954,A,N,G,B,D,A,H,-,A,D,0,Y,,,,Y,,-,,0,1,0,0,1,0,0,0,0,"- ","- ",,,"LOS ANGELES","LOS ANGELES",-118.34607,34.023850580000001
8348318,2017,2017-04-27,1900,2017-03-23,0900,531008,2820,4,5,5,1915,0,0,0,,0,282T1,"EAST WEBER AV","ALAMEDA ST EAST",492.00,E,N,A,-,N,,,,,,,,,,N,4,0,1,2,A,-,11,21954,A,N,D,B,D,A,H,-,A,D,0,Y,,,,Y,,N,60,0,0,1,0,1,0,0,0,0,"- ","- ",,,"LOS ANGELES",COMPTON,-118.22202464,33.919981300000003