CASE_ID,ACCIDENT_YEAR,PROC_DATE,JURIS,COLLISION_DATE,COLLISION_TIME,OFFICER_ID,REPORTING_DISTRICT,DAY_OF_WEEK,CHP_SHIFT,POPULATION,CNTY_CITY_LOC,SPECIAL_COND,BEAT_TYPE,CHP_BEAT_TYPE,CITY_DIVISION_LAPD,CHP_BEAT_CLASS,BEAT_NUMBER,PRIMARY_RD,SECONDARY_RD,DISTANCE,DIRECTION,INTERSECTION,WEATHER_1,WEATHER_2,STATE_HWY_IND,CALTRANS_COUNTY,CALTRANS_DISTRICT,STATE_ROUTE,ROUTE_SUFFIX,POSTMILE_PREFIX,POSTMILE,LOCATION_TYPE,RAMP_INTERSECTION,SIDE_OF_HWY,TOW_AWAY,COLLISION_SEVERITY,NUMBER_KILLED,NUMBER_INJURED,PARTY_COUNT,PRIMARY_COLL_FACTOR,PCF_CODE_OF_VIOL,PCF_VIOL_CATEGORY,PCF_VIOLATION,PCF_VIOL_SUBSECTION,HIT_AND_RUN,TYPE_OF_COLLISION,MVIW,PED_ACTION,ROAD_SURFACE,ROAD_COND_1,ROAD_COND_2,LIGHTING,CONTROL_DEVICE,CHP_ROAD_TYPE,PEDESTRIAN_ACCIDENT,BICYCLE_ACCIDENT,MOTORCYCLE_ACCIDENT,TRUCK_ACCIDENT,NOT_PRIVATE_PROPERTY,ALCOHOL_INVOLVED,STWD_VEHTYPE_AT_FAULT,CHP_VEHTYPE_AT_FAULT,COUNT_SEVERE_INJ,COUNT_VISIBLE_INJ,COUNT_COMPLAINT_PAIN,COUNT_PED_KILLED,COUNT_PED_INJURED,COUNT_BICYCLIST_KILLED,COUNT_BICYCLIST_INJURED,COUNT_MC_KILLED,COUNT_MC_INJURED,PRIMARY_RAMP,SECONDARY_RAMP,LATITUDE,LONGITUDE,COUNTY,CITY,POINT_X,POINT_Y
8348327,2017,2017-04-28,1942,2017-03-25,1705,37961,1256,6,5,7,1942,0,0,0,L,0,12X56,"FIGUEROA ST","75TH ST",0.00,,Y,B,-,N,,,,,,,,,,N,3,0,1,2,A,-,10,21950,A,F,G,B,B,A,H,-,A,A,0,Y,,,,Y,,-,99,0,1,0,0,1,0,0,0,0,"- ","- ",,,"LOS ANGELES","LOS ANGELES",-118.28271005000001,33.971720099999999
8348483,2017,2017-04-28,1942,2017-04-13,2000,42718,0398,4,5,7,1942,0,0,0,C,0,3A55,"42ND PL","HOOVER ST",100.00,E,N,A,-,N,,,,,,,,,,N,3,0,1,2,A,-,10,21950,C,F,G,B,E,A,H,-,C,D,0,Y,,,,Y,,-,99,0,1,0,0,1,0,0,0,0,"- ","- ",,,"LOS ANGELES","LOS ANGELES",-118.28722,34.006399999999999
8348484,2017,2017-04-28,1942,2017-04-12,0935,42296,1245,3,5,7,1942,0,0,0,L,0,12A15,"W FLORENCE AV","RAYMOND AV",50.00,E,N,A,-,N,,,,,,,,,,N,2,0,1,2,A,-,11,21955,,N,G,B,D,A,H,-,A,A,0,Y,,,,Y,,N,60,1,0,0,0,1,0,0,0,0,"- ","- ",,,"LOS ANGELES","LOS ANGELES",-118.29795540000001,33.974589999999999
8348491,2017,2017-04-28,1942,2017-04-01,2210,41914,0325,6,5,7,1942,0,0,0,C,0,3T5,"VERMONT AV","ADAMS BL",110.00,S,N,A,-,N,,,,,,,,,,N,4,0,1,2,B,-,22,,,N,G,B,D,A,H,-,C,D,0,Y,,,,Y,,-,"- ",0,0,1,0,1,0,0,0,0,"- ","- ",,,"LOS ANGELES","LOS ANGELES",-118.29155299,34.032448379999998
8348508,2017,2017-04-28,1942,2017-04-07,2345,37792,1256,5,5,7,1942,0,0,0,L,0,12XL59,"74TH ST","FIGUEROA ST",120.00,E,N,A,-,N,,,,,,,,,,N,2,0,1,2,A,-,21,22106,,F,G,B,E,B,H,-,C,D,0,Y,,,,Y,,-,99,1,0,0,0,1,0,0,0,0,"- ","- ",,,"LOS ANGELES","LOS ANGELES",-118.28231520999999,33.972721120000003
8348539,2017,2017-04-28,1942,2017-04-02,0720,38503,0395,7,5,7,1942,0,0,0,C,0,18T23,"VERNON AV","GRAMERCY PL",0.00,E,N,A,-,N,,,,,,,,,,Y,3,0,1,3,A,-,03,22350,,N,B,C,E,A,H,-,A,A,0,Y,,,,Y,,A,01,0,1,0,0,1,0,0,0,0,"- ","- ",,,"LOS ANGELES","LOS ANGELES",-118.31384011,34.003710050000002
8348660,2017,2018-02-07,1900,2017-03-24,1925,527057,2610,5,5,6,1950,0,0,0,,0,263T1,"RT 138","11TH ST EAST",0.00,,Y,A,-,Y,LA,7,138,-,-,4.800,H,-,W,N,4,0,1,2,A,-,21,22106,,M,H,B,E,A,H,-,B,D,0,Y,,,,Y,,A,07,0,0,1,0,1,0,0,0,0,"- ","- ",,,"LOS ANGELES",PALMDALE,-118.72108835,34.764881350000003
8348665,2017,2017-08-04,1947,2017-03-01,2500,1411,,3,5,5,1947,0,0,0,,0,00E,"S GREENWOOD AV","ELM ST",0.00,,Y,A,-,N,,,,,,,,,,N,4,0,1,2,A,-,11,21955,,N,G,B,D,A,H,-,A,A,0,Y,,,,Y,,N,60,0,0,1,0,1,0,0,0,0,"- ","- ",33.987990000000003,-118.12365,"LOS ANGELES",MONTEBELLO,-118.12419011999999,33.986890010000003
8348872,2017,2018-04-25,1941,2017-04-23,1724,11021,,7,5,7,1941,0,0,0,,0,,"PACIFIC COAST HWY","2ND ST",0.00,,Y,A,-,Y,LA,7,1,-,-,0.570,H,-,N,N,3,0,1,2,A,-,11,21954,A,N,G,B,D,A,H,-,A,A,0,Y,,,,Y,,N,,0,1,0,0,1,0,0,0,0,"- ","- ",,,"LOS ANGELES","LONG BEACH",-118.11098511,33.757947270000003
8348963,2017,2017-08-04,1969,2017-03-19,1101,10125,,7,5,5,1969,0,0,0,,0,PATROL,"FIRESTONE BL","OTIS ST",0.00,,Y,A,-,N,,,,,,,,,,,4,0,1,2,A,-,10,21950,A,N,G,B,B,A,H,-,A,A,0,Y,,,,Y,,-,,0,0,1,0,1,0,0,0,0,"- ","- ",,,"LOS ANGELES","SOUTH GATE",-118.19652012,33.953260100000001
8348966,2017,2017-08-04,1942,2017-03-06,2023,41847,1322,1,5,7,1942,0,0,0,M,0,,"MAPLE AV","24TH ST",0.00,,Y,A,-,N,,,,,,,,,,N,4,0,1,2,A,-,10,21950,A,N,G,B,D,A,H,-,C,D,0,Y,,,,Y,Y,-,,0,0,1,0,1,0,0,0,0,"- ","- ",,,"LOS ANGELES","LOS ANGELES",-118.26440012,34.025100029999997
8348977,2017,2017-08-04,1942,2017-03-16,0705,34458,1331,4,5,7,1942,0,0,0,M,0,24TL24,"MAIN ST","33RD ST",10.00,S,N,A,-,N,,,,,,,,,,N,3,0,1,2,A,-,21,22106,,N,G,B,C,A,H,-,A,D,0,Y,,,,Y,,A,08,0,1,0,0,1,0,0,0,0,"- ","- ",,,"LOS ANGELES","LOS ANGELES",-118.27219542,34.019335769999998
8349007,2017,2018-03-21,1941,2017-04-10,1840,11001,,1,5,7,1941,0,0,0,,0,,"ARTESIA BL","LONG BEACH BL",129.00,W,N,A,-,N,,,,,,,,,,N,2,0,1,2,A,-,11,21956,A,N,G,B,D,A,H,-,A,A,0,Y,,,,Y,Y,N,,1,0,0,0,1,0,0,0,0,"- ","- ",,,"LOS ANGELES","LONG BEACH",-118.20278999999999,33.874360000000003
8349051,2017,2017-08-04,1900,2017-03-20,1605,521341,2814,1,5,5,1915,0,0,0,,0,283T1,"WILLOWBROOK AV","ELM ST",0.00,,Y,A,-,N,,,,,,,,,,N,4,0,1,2,D,-,00,,,M,-,B,-,A,H,-,A,A,0,Y,,,,Y,,-,"- ",0,0,1,0,1,0,0,0,0,"- ","- ",,,"LOS ANGELES",COMPTON,-118.22469001,33.900620089999997
8349055,2017,2017-08-04,1900,2017-02-27,1330,521341,2844,1,5,5,1915,0,0,0,,0,283T1,"SANTA FE AV","GREENLEAF AV",45.00,N,N,A,-,N,,,,,,,,,,N,2,0,1,2,A,-,11,21955,,N,G,B,D,A,H,-,A,A,0,Y,,,,Y,,N,60,1,0,0,0,1,0,0,0,0,"- ","- ",,,"LOS ANGELES",COMPTON,-118.21552782000001,33.881363229999998
8349208,2017,2017-04-24,1900,2017-03-17,2203,570899,2618,5,5,6,1950,0,0,0,,0,264T1,"RANCHO VISTA BL","10TH ST W",0.00,,Y,A,-,N,,,,,,,,,,N,4,0,1,2,A,-,11,21456,B,N,G,B,B,A,H,-,C,A,0,Y,,,,Y,,N,60,0,0,1,0,1,0,0,0,0,"- ","- ",,,"LOS ANGELES",PALMDALE,-118.147745,34.601737999999997
8349303,2017,2017-04-20,1942,2017-02-17,1221,40800,1363,5,5,7,1942,0,0,0,M,0,13A93,"49TH ST","AVALON BL",0.00,,Y,B,C,N,,,,,,,,,,,3,0,1,2,A,-,11,21456,B,N,G,B,B,B,H,-,A,A,0,Y,,,,Y,,N,60,0,1,0,0,1,0,0,0,0,"- ","- ",,,"LOS ANGELES","LOS ANGELES",-118.26524006,33.998810050000003
8349319,2017,2017-04-20,1942,2017-02-04,2142,42089,1365,6,5,7,1942,0,0,0,M,0,13A41,"51ST ST","HOOPER AV",0.00,,Y,A,-,N,,,,,,,,,,N,3,0,1,2,A,-,12,21453,A,F,G,B,B,A,H,-,C,A,0,Y,,,,Y,,-,99,0,1,0,0,1,0,0,0,0,"- ","- ",,,"LOS ANGELES","LOS ANGELES",-118.25211007999999,33.997080060000002
8349331,2017,2017-04-20,1942,2017-02-17,1415,41677,1307,5,5,7,1942,0,0,0,M,0,13A63,"SAN PEDRO","E 8TH ST",150.00,N,N,C,G,N,,,,,,,,,,N,3,0,1,2,A,-,09,21801,A,N,D,B,D,B,H,-,A,D,0,Y,,,,Y,,A,01,0,1,0,0,1,0,0,0,0,"- ","- ",,,"LOS ANGELES","LOS ANGELES",-118.2487788,34.038799490000002
8349446,2017,2017-04-26,1942,2017-03-17,2215,39854,2091,5,5,7,1942,0,0,0,,0,20A13,"WASHINGTON BL","VAN NESS AV",0.00,,Y,A,-,N,,,,,,,,,,N,2,0,2,3,A,-,10,21950,A,F,G,B,B,A,H,-,C,A,0,Y,,,,Y,,-,99,1,0,1,0,2,0,0,0,0,"- ","- ",,,"LOS ANGELES","LOS ANGELES",-118.31637009000001,34.039900119999999
8349655,2017,2017-05-01,1942,2017-02-24,2010,38550,1142,5,5,7,1942,0,0,0,K,0,11A1,"LOS FELIZ",CATALINA,25.00,W,N,A,-,N,,,,,,,,,,N,4,0,1,2,A,-,11,21954,A,N,G,B,C,A,H,-,C,D,0,Y,,,,Y,Y,N,60,0,0,1,0,1,0,0,0,0,"- ","- ",,,"LOS ANGELES","LOS ANGELES",-118.29557074,34.110396180000002
8349659,2017,2017-05-01,1942,2017-02-10,0605,37952,1124,5,5,7,1942,0,0,0,K,0,24T42,"FLETCHER DR","AVENUE 32",60.00,S,N,B,-,N,,,,,,,,,,N,4,0,1,2,A,-,11,21954,A,N,G,B,D,A,H,-,C,D,0,Y,,,,Y,,N,60,0,0,1,0,1,0,0,0,0,"- ","- ",,,"LOS ANGELES","LOS ANGELES",-118.24364239000001,34.116405069999999
8349865,2017,2017-05-02,1942,2017-04-11,1146,40671,0622,2,5,7,1942,0,0,0,F,0,6X28,"FULLER AV",HILLSIDE,20.00,N,N,A,-,N,,,,,,,,,,N,3,0,1,2,A,-,21,22106,,N,G,B,D,A,H,-,A,D,0,Y,,,,Y,,A,01,0,1,0,0,1,0,0,0,0,"- ","- ",,,"LOS ANGELES","LOS ANGELES",-118.34894892,34.104664849999999
8349877,2017,2017-05-09,1942,2017-04-13,1100,26281,0636,4,5,7,1942,0,0,0,F,0,7MQ56,"YUCCA ST","CAHUENGA BL",0.00,,Y,A,-,N,,,,,,,,,,N,4,0,1,2,B,-,22,,,N,G,B,B,A,H,-,A,A,0,Y,,,,Y,,-,"- ",0,0,1,0,1,0,0,0,0,"- ","- ",,,"LOS ANGELES","LOS ANGELES",-118.32969,34.103920070000001
8349885,2017,2017-05-02,1942,2017-04-02,2030,42273,0649,7,5,7,1942,0,0,0,F,0,6A49,"HOLLYWOOD BL","KINGSLEY AV",50.00,W,N,A,-,N,,,,,,,,,,N,3,0,1,2,A,-,11,21954,A,N,A,B,D,A,H,-,C,D,0,Y,,,,Y,,N,60,0,1,0,0,1,0,0,0,0,"- ","- ",,,"LOS ANGELES","LOS ANGELES",-118.30368482999999,34.10175194
8349899,2017,2017-05-02,1925,2017-04-09,1339,20537,242,7,5,6,1925,0,0,0,,0,003,"CHEVY CHASE DR","HARVARD ST",0.00,,Y,A,-,N,,,,,,,,,,N,4,0,1,2,A,-,10,21950,A,N,G,B,B,A,H,-,A,A,0,Y,,,,Y,,A,01,0,0,1,0,1,0,0,0,0,"- ","- ",,,"LOS ANGELES",GLENDALE,-118.23962011,34.144430010000001
8349910,2017,2017-05-01,1900,2017-04-14,1915,510509,137,5,5,6,1992,0,0,0,,0,112T1,"AVENUE J-8","PALM VISTA AV",189.00,E,N,A,-,N,,,,,,,,,,N,3,0,1,2,A,-,11,21956,A,N,G,B,D,A,H,-,C,D,0,Y,,,,Y,,N,60,0,1,0,0,1,0,0,0,0,"- ","- ",,,"LOS ANGELES",LANCASTER,-118.10798269,34.68224627
8350017,2017,2017-04-21,1942,2017-04-02,1700,40643,1333,7,5,7,1942,0,0,0,M,0,24TL56,"TRINITY ST","28TH ST",180.00,S,N,A,-,N,,,,,,,,,,Y,3,0,1,2,A,-,03,22350,,F,G,B,E,A,H,-,A,A,0,Y,,,,Y,,A,01,0,1,0,0,1,0,0,0,0,"- ","- ",,,"LOS ANGELES","LOS ANGELES",-118.26459758,34.020383809999998
8350092,2017,2017-04-24,1941,2017-04-10,1225,10997,,1,5,7,1941,0,0,0,,0,,"DELTA AV","HILL ST",10.00,N,N,A,-,N,,,,,,,,,,N,4,0,1,2,A,-,10,21950,A,N,-,B,B,A,H,-,A,A,0,Y,,,,Y,,A,,0,0,1,0,1,0,0,0,0,"- ","- ",,,"LOS ANGELES","LONG BEACH",-118.21111015,33.797147420000002
8350187,2017,2017-04-24,1941,2017-04-11,1408,5737,,2,5,7,1941,0,0,0,,0,,ANAHEIM,OREGON,10.00,W,N,A,-,N,,,,,,,,,,N,3,0,1,2,A,-,11,21453,D,N,D,B,B,A,H,-,A,A,0,Y,,,,Y,,N,,0,1,0,0,1,0,0,0,0,"- ","- ",,,"LOS ANGELES","LONG BEACH",-118.20101284,33.782809999999998
8350195,2017,2017-04-24,1941,2017-04-08,2039,6066,,6,5,7,1941,0,0,0,,0,,"BENNETT AV","ANAHEIM ST",40.00,S,N,A,-,N,,,,,,,,,,N,4,0,1,2,D,-,00,,,N,G,B,F,A,H,-,D,D,0,Y,,,,Y,,-,"- ",0,0,1,0,1,0,0,0,0,"- ","- ",,,"LOS ANGELES","LONG BEACH",-118.1426506,33.78249031
8350213,2017,2017-04-21,1942,2017-04-17,0920,39891,1983,1,5,7,1942,0,0,0,,0,19A79,"RAYEN ST","COLUMBUS AV",0.00,,Y,A,-,N,,,,,,,,,,N,4,0,1,4,A,-,12,22450,A,F,B,C,E,A,H,-,A,D,0,Y,,,,Y,,-,99,0,0,1,0,1,0,0,0,0,"- ","- ",,,"LOS ANGELES","LOS ANGELES",-118.46556003000001,34.23188004
8350231,2017,2017-05-01,1941,2017-04-03,1748,6278,,1,5,7,1941,0,0,0,,0,,"ALAMITOS AV","15TH ST",7.00,N,N,A,-,N,,,,,,,,,,N,3,0,1,2,A,-,10,21950,A,N,G,B,B,A,H,-,A,A,0,Y,,,,Y,,A,,0,1,0,0,1,0,0,0,0,"- ","- ",,,"LOS ANGELES","LONG BEACH",-118.17684402,33.786268540000002
8350334,2017,2017-05-08,1941,2017-04-09,1928,10877,,7,5,7,1941,0,0,0,,0,,BROADWAY,ATLANTIC,0.00,,N,A,-,N,,,,,,,,,,N,3,0,1,2,A,-,09,21804,A,N,D,B,B,A,H,-,B,A,0,Y,,,,Y,,N,,0,1,0,0,1,0,0,0,0,"- ","- ",,,"LOS ANGELES","LONG BEACH",-118.18504009999999,33.769300090000002
8350410,2017,2017-04-25,1942,2017-04-08,1910,38383,1969,6,5,7,1942,0,0,0,,0,9TL57,"ARLETA AV","OSBORNE ST",200.00,E,N,A,-,N,,,,,,,,,,N,4,0,1,2,A,-,09,21804,A,F,G,B,F,A,H,-,B,D,0,Y,,,,Y,,-,99,0,0,1,0,1,0,0,0,0,"- ","- ",,,"LOS ANGELES","LOS ANGELES",-118.42567717999999,34.241665599999997
8350418,2017,2017-04-25,1942,2017-04-13,1750,40165,1799,4,5,7,1942,0,0,0,Q,0,9TL56,"ROSCOE BL","HASKELL AV",0.00,,Y,A,-,N,,,,,,,,,,N,3,0,1,2,A,-,11,21453,D,F,G,B,B,A,H,-,A,A,0,Y,,,,Y,,N,60,0,1,0,0,1,0,0,0,0,"- ","- ",,,"LOS ANGELES","LOS ANGELES",-118.4764601,34.221350010000002
8350640,2017,2017-04-26,1942,2017-02-05,2220,37613,0701,7,5,7,1942,0,0,0,G,0,8TL35,"N CROFT AV","SANTA MONICA BL",220.00,S,N,B,-,N,,,,,,,,,,N,4,0,1,2,A,-,21,22106,,F,H,B,E,A,H,-,C,D,0,Y,,,,Y,,-,99,0,0,1,0,1,0,0,0,0,"- ","- ",,,"LOS ANGELES","LOS ANGELES",-118.37424,34.089856589999997
8350643,2017,2017-04-26,1942,2017-02-17,1720,25495,0722,5,5,7,1942,0,0,0,G,0,7T23,"ORLANDO AV","3RD ST",7.00,E,N,C,-,N,,,,,,,,,,N,2,0,1,2,A,-,10,21950,A,N,G,B,-,B,H,-,A,A,0,Y,,,,Y,,-,"- ",1,0,0,0,1,0,0,0,0,"- ","- ",,,"LOS ANGELES","LOS ANGELES",-118.3732,34.073009999999996
8350655,2017,2017-04-26,1942,2017-02-12,1225,41376,1469,7,5,7,1942,0,0,0,N,0,7TL38,"LA TIJERA BL","LA CIENEGA BL",110.00,W,N,A,-,N,,,,,,,,,,N,3,0,1,2,A,-,11,21955,,N,G,B,-,A,H,-,A,D,0,Y,,,,Y,,N,60,0,1,0,0,0,0,0,0,0,"- ","- ",,,"LOS ANGELES","LOS ANGELES",-118.37049356999999,33.978506729999999
8350659,2017,2017-04-26,1942,2017-02-08,1630,41376,1431,3,5,7,1942,0,0,0,N,0,7T38,"PACIFIC AV","WINDWARD AV",0.00,,Y,B,-,N,,,,,,,,,,N,4,0,1,2,A,-,10,21950,,N,G,B,-,A,H,-,A,A,0,Y,,,,Y,,A,01,0,0,1,0,1,0,0,0,0,"- ","- ",,,"LOS ANGELES","LOS ANGELES",-118.47228011999999,33.987720019999998
8350686,2017,2017-05-01,1942,2017-02-15,0930,33191,2033,3,5,7,1942,0,0,0,,0,14TL49,"8TH ST","NORMANDIE AV",40.00,W,N,A,-,N,,,,,,,,,,N,4,0,1,2,A,-,11,21954,A,N,G,B,E,A,H,-,A,D,0,Y,,,,Y,,N,60,0,0,1,0,1,0,0,0,0,"- ","- ",,,"LOS ANGELES","LOS ANGELES",-118.29993181,34.057729999999999
8350688,2017,2017-04-28,1942,2017-02-14,1905,37575,0711,2,5,7,1942,0,0,0,G,0,14T47,"BEVERLY BL","ALFRED ST",0.00,,Y,A,-,N,,,,,,,,,,N,3,0,1,2,D,-,00,,,N,G,B,D,A,H,-,C,D,0,Y,,,,Y,,-,"- ",0,1,0,0,1,0,0,0,0,"- ","- ",,,"LOS ANGELES","LOS ANGELES",-118.37533003,34.076060079999998
8350696,2017,2017-04-28,1942,2017-02-14,1055,40690,0745,2,5,7,1942,0,0,0,G,0,6T7,"8TH ST","BURNSIDE AV",5.00,E,N,A,-,N,,,,,,,,,,N,3,0,1,2,A,-,00,23950,A,N,G,B,B,A,H,-,A,A,0,Y,,,,Y,,A,08,0,1,0,0,1,0,0,0,0,"- ","- ",,,"LOS ANGELES","LOS ANGELES",-118.35010353,34.060609569999997
8350717,2017,2017-04-26,1942,2017-02-16,1200,37550,2033,4,5,7,1942,0,0,0,,0,8TL35,"HOBART BL","SAN MARINO ST",0.00,,Y,B,-,N,,,,,,,,,,N,3,0,1,2,A,-,10,21950,A,N,G,B,B,A,H,-,A,A,0,Y,,,,Y,,A,01,0,1,0,0,1,0,0,0,0,"- ","- ",,,"LOS ANGELES","LOS ANGELES",-118.30530011,34.054480030000001
8350768,2017,2017-04-28,1900,2017-03-23,1902,529395,0532,4,5,5,1959,0,0,0,,0,53T1PM,"ENCINITA AV","ROSE ST",5.00,N,N,A,-,N,,,,,,,,,,N,4,0,1,2,A,-,10,21950,A,N,G,B,B,A,H,-,C,D,0,Y,,,,Y,,A,01,0,0,1,0,1,0,0,0,0,"- ","- ",34.084200000000003,-118.0676,"LOS ANGELES",ROSEMEAD,-118.06762017,34.084313710000004
8350888,2017,2018-04-06,1962,2017-04-21,0741,122,1962,5,5,4,1962,0,0,0,,0,025,"VALLEY BL","VALLEY BL 720",0.00,,Y,A,-,N,,,,,,,,,,N,4,0,1,2,A,-,21,22106,,N,G,B,-,A,H,-,A,D,0,Y,,,,Y,,D,22,0,0,1,0,1,0,0,0,0,"- ","- ",,,"LOS ANGELES","SAN GABRIEL",-118.091283,34.080126999999997
8350928,2017,2017-05-01,1920,2017-03-18,0814,10216,,6,5,6,1920,0,0,0,,0,004,"FIRESTONE BL","LAKEWOOD BL",105.00,E,N,B,-,N,,,,,,,,,,N,3,0,1,2,A,-,11,21954,A,N,G,B,D,A,H,-,A,A,0,Y,,,,Y,,N,60,0,1,0,0,1,0,0,0,0,"- ","- ",,,"LOS ANGELES",DOWNEY,-118.12372378000001,33.935381890000002
8350987,2017,2017-04-27,1976,2017-03-21,2130,241,,2,5,3,1964,0,0,0,,0,002,"FLORENCE AV","PIONEER BL",9.00,E,N,C,-,N,,,,,,,,,,N,4,0,1,2,D,-,00,,,N,G,B,B,B,H,-,C,A,0,Y,,,,Y,,-,"- ",0,0,1,0,1,0,0,0,0,"- ","- ",,,"LOS ANGELES","SANTA FE SPRINGS",-118.08181039,33.935319999999997
8350990,2017,2017-04-28,1920,2017-03-22,1817,11859,1920,3,5,6,1920,0,0,0,,0,004,"LAKEWOOD BL","FLORENCE AV",13.00,N,N,A,-,N,,,,,,,,,,N,3,0,1,2,D,-,00,,,M,G,B,B,A,H,-,A,A,0,Y,,Y,,Y,Y,-,"- ",0,1,0,0,1,0,0,0,0,"- ","- ",,,"LOS ANGELES",DOWNEY,-118.11723184,33.947532279999997
8350998,2017,2017-04-28,1920,2017-03-11,0856,13116,,6,5,6,1920,0,0,0,,0,002,"IMPERIAL HWY","SMALLWOOD AV",0.00,,Y,A,-,N,,,,,,,,,,N,3,0,1,2,A,-,11,21456,B,M,G,B,B,A,H,-,A,A,0,Y,,,,Y,,N,60,0,1,0,0,1,0,0,0,0,"- ","- ",,,"LOS ANGELES",DOWNEY,-118.15518007999999,33.92567004
8350999,2017,2017-04-27,1976,2017-03-25,1652,240,01976,6,5,3,1964,0,0,0,,0,001,"MAXINE ST","ALBURTIS AV",182.00,E,N,A,-,N,,,,,,,,,,N,3,0,1,2,A,-,11,21954,A,N,G,B,D,A,H,-,A,D,0,Y,,,,Y,,N,60,0,1,0,0,1,0,0,0,0,"- ","- ",,,"LOS ANGELES","SANTA FE SPRINGS",-118.0787292,33.9564941
8351026,2017,2017-04-28,1920,2017-03-13,1446,10216,,1,5,6,1920,0,0,0,,0,002,"OLD RIVER SCHOOL RD","STEWART AND GRAY RD",410.00,N,N,A,-,N,,,,,,,,,,N,3,0,1,2,A,-,11,21954,A,N,G,B,D,A,H,-,A,D,0,Y,,,,Y,,N,60,0,1,0,0,1,0,0,0,0,"- ","- ",,,"LOS ANGELES",DOWNEY,-118.15337561,33.941168859999998
8351216,2017,2017-05-02,1942,2017-04-12,0440,40237,1849,3,5,7,1942,0,0,0,R,0,18T23,"WILMINGTON AV","114TH ST",149.00,S,N,A,-,N,,,,,,,,,,N,3,0,1,2,A,-,11,21955,,F,G,B,D,A,H,-,C,A,0,Y,,,,Y,,N,60,0,1,0,0,1,0,0,0,0,"- ","- ",,,"LOS ANGELES","LOS ANGELES",-118.23909949999999,33.93110145
8351235,2017,2017-05-02,1900,2017-04-10,1427,527057,NORTH,1,5,6,1950,0,0,0,,0,263T1,"RITA ST","AVE Q-9",0.00,,Y,A,-,N,,,,,,,,,,Y,3,0,2,3,A,-,08,22107,,M,G,B,F,A,H,-,A,D,0,Y,,,,Y,,A,07,0,1,1,0,2,0,0,0,0,"- ","- ",,,"LOS ANGELES",PALMDALE,-118.096673,34.578175999999999
8351827,2017,2017-05-04,1942,2017-03-27,2310,42324,1991,1,5,7,1942,0,0,0,,0,19A1,DEVONSHIRE,SEPULVEDA,0.00,,Y,A,-,N,,,,,,,,,,N,4,0,1,2,A,-,11,21950,B,N,D,B,B,A,H,-,C,A,0,Y,,,,Y,,N,60,0,0,1,0,1,0,0,0,0,"- ","- ",,,"LOS ANGELES","LOS ANGELES",-118.46747007,34.257310099999998
8351835,2017,2017-05-04,1942,2017-03-29,1130,41563,764,3,5,7,1942,0,0,0,,0,7A85,"VENICE BL","COCHRAN AV",0.00,,N,A,-,N,,,,,,,,,,N,4,0,1,2,A,-,11,21950,B,N,G,B,B,A,H,-,A,A,0,Y,,,,Y,,A,01,0,0,1,0,1,0,0,0,0,"- ","- ",,,"LOS ANGELES","LOS ANGELES",-118.35389001999999,34.044830070000003
8352036,2017,2017-05-03,1942,2017-04-09,1400,39217,0974,7,5,7,1942,0,0,0,I,0,17TL16,"VENTURA BL","WILLIS AV",200.00,E,N,A,-,N,,,,,,,,,,N,3,0,1,2,A,-,11,21955,,N,G,B,D,A,H,-,A,D,0,Y,,,,Y,,N,60,0,1,0,0,1,0,0,0,0,"- ","- ",,,"LOS ANGELES","LOS ANGELES",-118.45464266,34.151893649999998
8352254,2017,2017-06-10,1925,2017-04-06,1839,20871,168,4,5,6,1925,0,0,0,,0,001,"CENTRAL AV","STOCKER ST",0.00,,Y,A,-,N,,,,,,,,,,N,3,0,1,2,A,-,10,21950,A,N,G,B,B,A,H,-,A,A,0,Y,,,,Y,,A,07,0,1,0,0,1,0,0,0,0,"- ","- ",,,"LOS ANGELES",GLENDALE,-118.2568801,34.16370002
8352282,2017,2017-06-22,1901,2017-03-27,0858,276,13,1,5,5,1901,0,0,0,,0,002,"ATLANTIC BL","GLENDON WY",5.00,N,N,A,-,N,,,,,,,,,,N,3,0,1,2,A,-,10,21950,A,N,G,B,B,A,H,-,A,A,0,Y,,,,Y,,A,01,0,1,0,0,1,0,0,0,0,"- ","- ",,,"LOS ANGELES",ALHAMBRA,-118.13448,34.073923710000003
8352558,2017,2018-04-25,1942,2017-04-11,2035,40972,2114,2,5,7,1942,0,0,0,,0,10T35,"TOPANGA CYN","STRATHERN ST",183.00,S,N,A,-,Y,LA,7,27,-,-,15.510,H,-,S,Y,4,0,1,3,A,-,03,22350,,N,D,C,E,A,H,-,C,D,0,Y,,,,Y,,A,01,0,0,1,0,1,0,0,0,0,"- ","- ",,,"LOS ANGELES","LOS ANGELES",-118.60606627,34.215115560000001
8352581,2017,2017-07-17,1942,2017-04-22,2340,39440,1027,6,5,7,1942,0,0,0,J,0,10X12,"SHERMAN AV","WHITE OAK",100.00,E,N,A,-,N,,,,,,,,,,N,3,0,1,2,A,-,11,21954,A,N,G,B,D,A,H,-,C,A,0,Y,,,,Y,,-,99,0,1,0,0,1,0,0,0,0,"- ","- ",,,"LOS ANGELES","LOS ANGELES",-118.51827986000001,34.201210000000003