CASE_ID,ACCIDENT_YEAR,PROC_DATE,JURIS,COLLISION_DATE,COLLISION_TIME,OFFICER_ID,REPORTING_DISTRICT,DAY_OF_WEEK,CHP_SHIFT,POPULATION,CNTY_CITY_LOC,SPECIAL_COND,BEAT_TYPE,CHP_BEAT_TYPE,CITY_DIVISION_LAPD,CHP_BEAT_CLASS,BEAT_NUMBER,PRIMARY_RD,SECONDARY_RD,DISTANCE,DIRECTION,INTERSECTION,WEATHER_1,WEATHER_2,STATE_HWY_IND,CALTRANS_COUNTY,CALTRANS_DISTRICT,STATE_ROUTE,ROUTE_SUFFIX,POSTMILE_PREFIX,POSTMILE,LOCATION_TYPE,RAMP_INTERSECTION,SIDE_OF_HWY,TOW_AWAY,COLLISION_SEVERITY,NUMBER_KILLED,NUMBER_INJURED,PARTY_COUNT,PRIMARY_COLL_FACTOR,PCF_CODE_OF_VIOL,PCF_VIOL_CATEGORY,PCF_VIOLATION,PCF_VIOL_SUBSECTION,HIT_AND_RUN,TYPE_OF_COLLISION,MVIW,PED_ACTION,ROAD_SURFACE,ROAD_COND_1,ROAD_COND_2,LIGHTING,CONTROL_DEVICE,CHP_ROAD_TYPE,PEDESTRIAN_ACCIDENT,BICYCLE_ACCIDENT,MOTORCYCLE_ACCIDENT,TRUCK_ACCIDENT,NOT_PRIVATE_PROPERTY,ALCOHOL_INVOLVED,STWD_VEHTYPE_AT_FAULT,CHP_VEHTYPE_AT_FAULT,COUNT_SEVERE_INJ,COUNT_VISIBLE_INJ,COUNT_COMPLAINT_PAIN,COUNT_PED_KILLED,COUNT_PED_INJURED,COUNT_BICYCLIST_KILLED,COUNT_BICYCLIST_INJURED,COUNT_MC_KILLED,COUNT_MC_INJURED,PRIMARY_RAMP,SECONDARY_RAMP,LATITUDE,LONGITUDE,COUNTY,CITY,POINT_X,POINT_Y
8357695,2017,2017-06-17,1955,2017-04-17,1125,41149,0001,1,5,6,1955,0,0,0,,0,005,"MISSION BL","PARK AV",0.00,,Y,A,-,N,,,,,,,,,,N,4,0,1,2,A,-,10,21950,A,M,G,B,B,A,H,-,A,A,0,Y,,,,Y,Y,-,99,0,0,1,0,1,0,0,0,0,"- ","- ",,,"LOS ANGELES",POMONA,-117.75441007000001,34.054990080000003
8357713,2017,2017-05-04,1942,2017-04-01,2045,45599,2155,6,5,7,1942,0,0,0,,0,17T17,"SHOUP AV","VICTORY BL",0.00,,Y,A,-,N,,,,,,,,,,N,4,0,1,2,A,-,11,21950,B,N,G,B,B,A,H,-,C,A,0,Y,,,,Y,,N,60,0,0,1,0,1,0,0,0,0,"- ","- ",,,"LOS ANGELES","LOS ANGELES",-118.61457011,34.186450020000002
8357728,2017,2017-05-05,1922,2017-04-05,0745,576,,3,5,6,1922,0,0,0,,0,,"PECK RD","EMERY ST",0.00,,Y,A,-,N,,,,,,,,,,N,4,0,1,2,A,-,10,21950,A,N,G,B,B,A,H,-,A,A,0,Y,,,,Y,,A,01,0,0,1,0,1,0,0,0,0,"- ","- ",,,"LOS ANGELES","EL MONTE",-118.01665008000001,34.086670099999999
8357900,2017,2018-03-21,1942,2017-04-29,2125,36508,LOSAN,6,5,7,1942,0,0,0,,0,2187,"VENTURA BL","ALHAMA DR",0.00,,Y,A,-,N,,,,,,,,,,N,4,0,1,2,A,-,10,21950,A,N,G,B,B,A,H,-,C,A,0,Y,,,,Y,,A,01,0,0,1,0,1,0,0,0,0,"- ","- ",,,"LOS ANGELES","LOS ANGELES",-118.59277003,34.16695009
8357912,2017,2018-04-25,1942,2017-04-11,1115,39010,1381,2,5,7,1942,0,0,0,M,0,24TL21,"OLIVE ST","SLAUSON AV",12.00,S,N,A,-,Y,LA,7,110,-,-,17.857,R,4,N,N,4,0,1,2,A,-,10,21950,A,F,G,B,B,A,H,-,A,A,0,Y,,,,Y,,-,99,0,0,1,0,1,0,0,0,0,"- ","- ",,,"LOS ANGELES","LOS ANGELES",-118.28040735,33.987457880000001
8357920,2017,2018-03-22,1942,2017-04-27,1325,34426,0111,4,5,7,1942,0,0,0,A,0,24TL51,"LOS ANGELES ST","ARCADIA ST",0.00,,Y,A,-,Y,LA,7,101,-,-,0.860,H,-,N,Y,2,0,4,5,A,-,12,21453,A,N,D,B,F,A,H,-,A,A,0,Y,,,,Y,,A,01,1,0,3,0,2,0,0,0,0,"- ","- ",,,"LOS ANGELES","LOS ANGELES",-118.23923497,34.055066570000001
8358049,2017,2017-05-03,1925,2017-04-15,1800,24966,242,6,5,6,1925,0,0,0,,0,003,"VERDUGO RD","COLORADO ST",0.00,,Y,A,-,N,,,,,,,,,,N,3,0,3,4,A,-,10,21950,A,N,G,B,B,A,H,-,A,A,0,Y,,,,Y,,A,01,0,2,1,0,3,0,0,0,0,"- ","- ",,,"LOS ANGELES",GLENDALE,-118.23407009,34.14275009
8358277,2017,2017-05-04,1900,2017-03-20,1200,603018,1123,1,5,6,1992,0,0,0,,0,112TL,"10TH ST WEST","AVE J",0.00,,-,A,-,N,,,,,,,,,,N,4,0,1,2,A,-,21,22106,,N,G,B,B,A,-,-,A,D,0,Y,,,,Y,,A,,0,0,1,0,1,0,0,0,0,"- ","- ",,,"LOS ANGELES",LANCASTER,-118.14802012,34.689450100000002
8358382,2017,2018-04-25,1942,2017-04-19,2335,38273,1798,3,5,7,1942,0,0,0,Q,0,17T13,"NORDHOFF ST","RT 405",0.00,,Y,A,-,Y,LA,7,405,-,-,44.900,R,1,S,N,4,0,1,2,D,-,00,,,N,G,B,B,A,H,-,C,A,0,Y,,,,Y,,-,"- ",0,0,1,0,1,0,0,0,0,"- ",SF,,,"LOS ANGELES","LOS ANGELES",-118.47315764,34.237740170000002
8358508,2017,2017-06-13,1933,2017-03-30,0740,983,I25,4,5,6,1933,0,0,0,,0,002,"97TH ST","FLOWER ST",210.00,W,N,A,F,N,,,,,,,,,,N,2,0,3,5,A,-,02,22400,,N,G,B,E,A,H,-,A,D,0,Y,,,,Y,,A,08,3,0,0,0,3,0,0,0,0,"- ","- ",33.947899999999997,-118.34665,"LOS ANGELES",INGLEWOOD,-118.34736112,33.947870000000002
8358565,2017,2017-05-15,1900,2017-04-13,0900,462141,2116,4,5,5,1943,0,0,0,,0,212T4,"CEDAR AV","PEACH ST",150.00,E,N,A,-,N,,,,,,,,,,N,4,0,1,3,A,-,08,22107,,N,B,E,E,A,H,-,A,D,0,Y,,,,Y,,A,01,0,0,1,0,1,0,0,0,0,"- ","- ",,,"LOS ANGELES",LYNWOOD,-118.21633838,33.920629750000003
8358569,2017,2017-05-05,1900,2017-04-05,1230,462141,2116,3,5,5,1943,0,0,0,,0,212T4,"LONG BEACH BL","JOSEPHINE ST",100.00,S,N,A,-,N,,,,,,,,,,N,4,0,1,2,A,-,21,22106,,N,G,B,E,A,H,-,A,A,0,Y,,,,Y,,A,01,0,0,1,0,1,0,0,0,0,"- ","- ",,,"LOS ANGELES",LYNWOOD,-118.20969192,33.920966180000001
8358594,2017,2017-05-05,1923,2017-04-20,0745,467,111,4,5,3,1923,0,0,0,,0,3M3,"MAIN ST","GRAND AV",0.00,,Y,A,-,N,,,,,,,,,,N,4,0,1,2,A,-,10,21950,A,F,G,B,B,A,H,-,A,A,0,Y,,,,Y,,A,01,0,0,1,0,1,0,0,0,0,"- ","- ",33.919020000000003,-118.41596,"LOS ANGELES","EL SEGUNDO",-118.41596004,33.919000099999998
8358719,2017,2017-05-15,1941,2017-04-26,2003,5615,,3,5,7,1941,0,0,0,,0,,"LOS COYOTES DIAG","XIMENO AV",0.00,,Y,A,-,N,,,,,,,,,,N,4,0,1,2,A,-,10,21950,A,N,G,B,B,A,H,-,C,A,0,Y,,,,Y,,D,,0,0,1,0,1,0,0,0,0,"- ","- ",,,"LOS ANGELES","LONG BEACH",-118.139567,33.791936999999997
8358806,2017,2017-05-05,1933,2017-01-28,2315,984,18,6,5,6,1933,0,0,0,,0,002,"LA BREA AV","MANCHESTER BL",175.00,S,N,A,-,N,,,,,,,,,,N,3,0,1,2,A,-,11,21955,,N,G,B,E,A,H,-,C,D,0,Y,,Y,,Y,,N,60,0,1,0,0,1,0,0,0,0,"- ","- ",33.961820000000003,-118.35326999999999,"LOS ANGELES",INGLEWOOD,-118.3533353,33.961290069999997
8358908,2017,2017-05-16,1922,2017-02-24,1008,664,P2,5,5,6,1922,0,0,0,,0,,"PECK RD","LOWER AZUSA RD",0.00,,N,A,-,N,,,,,,,,,,Y,3,0,1,2,A,-,21,22106,,N,E,I,E,A,H,-,A,D,0,Y,,,,Y,,-,,0,1,0,0,1,0,0,0,0,"- ","- ",,,"LOS ANGELES","EL MONTE",-118.01455,34.090950050000004
8359083,2017,2017-05-08,1900,2017-04-21,2315,524507,0530,5,5,5,1959,0,0,0,,0,53T1EM,"WALNUT GROVE AV","GRAND AV",166.00,N,N,A,-,N,,,,,,,,,,N,3,0,1,2,A,-,11,21954,A,N,G,B,D,A,H,-,C,D,0,Y,,,,Y,,N,60,0,1,0,0,1,0,0,0,0,"- ","- ",,,"LOS ANGELES",ROSEMEAD,-118.08364582999999,34.092225139999996
8359112,2017,2017-05-08,1962,2017-04-28,0033,136,1962,5,5,4,1962,0,0,0,,0,022,"W LAS TUNAS DR","ARDMORE DR",119.00,E,N,A,G,N,,,,,,,,,,N,3,0,1,2,A,-,11,21950,B,N,G,B,E,A,H,-,C,D,0,Y,,,,Y,,N,60,0,1,0,0,1,0,0,0,0,"- ","- ",,,"LOS ANGELES","SAN GABRIEL",-118.10419775,34.102469999999997
8359372,2017,2017-05-09,1941,2017-04-25,1700,6067,,2,5,7,1941,0,0,0,,0,,"SANTA FE AV","16TH ST",0.00,,Y,A,-,N,,,,,,,,,,N,3,0,1,2,A,-,06,21951,,N,A,B,D,A,H,-,A,D,0,Y,,,,Y,Y,E,,0,1,0,0,1,0,0,0,0,"- ","- ",,,"LOS ANGELES","LONG BEACH",-118.21548004,33.78733003
8359384,2017,2017-05-09,1956,2017-04-10,0716,1257,67,1,5,5,1956,0,0,0,,0,004,"SPACE PARK DR","AVIATION BL",0.00,,Y,A,-,N,,,,,,,,,,N,2,0,1,2,A,-,10,21950,A,N,G,B,B,A,H,-,A,A,0,Y,,,,Y,,A,01,1,0,0,0,1,0,0,0,0,"- ","- ",,,"LOS ANGELES","REDONDO BEACH",-118.37868013000001,33.891150060000001
8359388,2017,2017-05-09,1956,2017-04-08,0142,1330,33,6,5,5,1956,0,0,0,,0,003,"GOODMAN AV","HAVEMEYER LN",15.00,S,N,C,-,N,,,,,,,,,,Y,2,0,1,2,A,-,01,23153,A,N,G,B,B,B,H,-,C,D,0,Y,,,,Y,Y,A,07,1,0,0,0,1,0,0,0,0,"- ","- ",,,"LOS ANGELES","REDONDO BEACH",-118.38326938,33.860648859999998
8359397,2017,2017-05-09,1942,2017-04-20,1400,39772,952,4,5,7,1942,0,0,0,,0,9X52,"WEDDINGTON ST","SALOMA AV",50.00,E,N,A,-,N,,,,,,,,,,N,4,0,1,2,A,-,21,22106,,N,G,B,E,A,H,-,A,D,0,Y,,,,Y,,A,08,0,0,1,0,1,0,0,0,0,"- ","- ",,,"LOS ANGELES","LOS ANGELES",-118.45842503999999,34.166662950000003
8359402,2017,2017-05-08,1941,2017-04-26,2032,6268,,3,5,7,1941,0,0,0,,0,,"W CHESTER PL","LOMA VISTA DR",0.00,,Y,A,-,N,,,,,,,,,,N,4,0,1,2,A,-,10,21950,A,N,G,B,B,A,H,-,C,A,0,Y,,,,Y,,A,,0,0,1,0,1,0,0,0,0,"- ","- ",,,"LOS ANGELES","LONG BEACH",-118.20252008999999,33.777490100000001
8359417,2017,2017-05-09,1942,2017-04-19,0610,34561,0946,3,5,7,1942,0,0,0,I,0,9TL59,"OXNARD ST","RANCHITO AV",0.00,,Y,A,-,N,,,,,,,,,,N,4,0,1,2,A,-,10,21950,A,N,G,B,B,A,H,-,A,D,0,Y,,,,Y,,A,01,0,0,1,0,1,0,0,0,0,"- ","- ",,,"LOS ANGELES","LOS ANGELES",-118.43562012,34.179400059999999
8359541,2017,2018-03-28,1925,2017-04-05,1847,21092,116,3,5,6,1925,0,0,0,,0,005,"LOWELL AV","HONOLULU AV",197.00,S,N,A,-,N,,,,,,,,,,N,4,0,1,2,A,-,21,22106,,N,G,B,E,A,H,-,A,D,0,Y,,,,Y,,A,01,0,0,1,0,1,0,0,0,0,"- ","- ",,,"LOS ANGELES",GLENDALE,-118.2662,34.231179830000002
8359635,2017,2017-05-05,1942,2017-02-12,1615,39202,0729,7,5,7,1942,0,0,0,G,0,7A17,"LARCHMONT BL","1ST ST",1.00,S,N,A,-,N,,,,,,,,,,N,4,0,1,2,A,-,10,21950,A,N,G,B,B,A,H,-,B,A,0,Y,,,,Y,,A,01,0,0,1,0,1,0,0,0,0,"- ","- ",,,"LOS ANGELES","LOS ANGELES",-118.32364,34.07302
8359658,2017,2017-05-05,1901,2017-02-16,1320,239,18,4,5,5,1901,0,0,0,,0,004,"MARENGO AV","SHORB ST",8.00,N,N,A,-,N,,,,,,,,,,N,3,0,1,2,A,-,10,21950,A,N,G,B,B,A,H,-,A,A,0,Y,,,,Y,,A,08,0,1,0,0,1,0,0,0,0,"- ","- ",,,"LOS ANGELES",ALHAMBRA,-118.14189024,34.079401939999997
8359663,2017,2017-05-05,1942,2017-02-17,2200,25495,0702,5,5,7,1942,0,0,0,G,0,7T23,"POINSETTIA PL","MELROSE AV",13.00,S,N,C,-,N,,,,,,,,,,N,4,0,1,2,A,-,10,21950,A,N,G,B,B,B,H,-,C,A,0,Y,,,,Y,,A,07,0,0,1,0,1,0,0,0,0,"- ","- ",,,"LOS ANGELES","LOS ANGELES",-118.34868,34.083514340000001
8359670,2017,2017-05-05,1933,2017-02-27,0444,984,23,1,5,6,1933,0,0,0,,0,002,"CENTURY BL","INGLEWOOD AV",0.00,,Y,A,-,N,,,,,,,,,,N,4,0,1,2,A,-,12,21453,A,F,G,B,B,A,H,-,C,A,0,Y,,,,Y,,A,07,0,0,1,0,1,0,0,0,0,"- ","- ",33.945500000000003,-118.36134,"LOS ANGELES",INGLEWOOD,-118.36135001,33.945440060000003
8359711,2017,2017-05-09,1942,2017-04-08,1420,41125,0657,6,5,7,1942,0,0,0,F,0,06A,"SANTA MONICA","WILTON PL",9.00,W,N,A,-,N,,,,,,,,,,N,3,0,1,2,A,-,12,21453,A,N,G,B,B,A,H,-,A,A,0,Y,,,,Y,,A,07,0,1,0,0,1,0,0,0,0,"- ","- ",,,"LOS ANGELES","LOS ANGELES",-118.31359967,34.09075
8359715,2017,2017-05-09,1942,2017-04-26,1049,34119,0645,3,5,7,1942,0,0,0,F,0,6MQ53,"ORANGE DR",HOLLYWOOD,370.00,N,N,A,-,N,,,,,,,,,,N,3,0,1,2,A,-,11,21955,,N,G,B,D,A,H,-,A,D,0,Y,,,,Y,,N,60,0,1,0,0,1,0,0,0,0,"- ","- ",,,"LOS ANGELES","LOS ANGELES",-118.34172839,34.102554759999997
8360245,2017,2017-05-11,1928,2017-04-29,2029,392,522,6,5,5,1928,0,0,0,,0,503,"PRAIRIE AV","147TH ST",0.00,,Y,A,-,N,,,,,,,,,,Y,2,0,1,2,A,-,12,21453,A,F,G,B,B,A,H,-,C,A,0,Y,,,,Y,,A,01,1,0,0,0,1,0,0,0,0,"- ","- ",33.898240000000001,-118.34387,"LOS ANGELES",HAWTHORNE,-118.3438501,33.89828
8360267,2017,2017-05-11,1942,2017-04-21,2350,37511,1444,5,5,7,1942,0,0,0,N,0,7T23,"LINCOLN BL","GRANT AV",77.00,S,N,A,-,N,,,,,,,,,,N,2,0,1,2,A,-,11,21954,A,N,G,B,D,A,H,-,C,D,0,Y,,,,Y,,N,60,1,0,0,0,1,0,0,0,0,"- ","- ",,,"LOS ANGELES","LOS ANGELES",-118.44854213000001,33.991322740000001
8360271,2017,2017-05-11,1942,2017-04-29,1845,40850,1457,6,5,7,1942,0,0,0,N,0,14X74,"HAVELOCK AV","CENTINELA BL",10.00,W,N,A,-,N,,,,,,,,,,N,2,0,1,2,A,-,09,21801,A,N,G,B,D,A,H,-,A,D,0,Y,,,,Y,,A,01,1,0,0,0,1,0,0,0,0,"- ","- ",,,"LOS ANGELES","LOS ANGELES",-118.41699610000001,33.98782327
8360307,2017,2017-05-11,1941,2017-04-29,0645,10805,,6,5,7,1941,0,0,0,,0,,"DEL AMO BL","DAISY AV",0.00,,Y,A,-,N,,,,,,,,,,N,4,0,1,2,A,-,11,21453,D,N,G,B,B,A,H,-,A,A,0,Y,,,,Y,,N,,0,0,1,0,1,0,0,0,0,"- ","- ",,,"LOS ANGELES","LONG BEACH",-118.19919009,33.846690080000002
8360308,2017,2017-05-12,1905,2017-04-16,0845,1138,423,7,5,4,1905,0,0,0,,0,063,"FOOTHILL BL","ALOSTA AV",0.00,,Y,A,-,N,,,,,,,,,,N,4,0,2,3,A,-,08,22107,,N,A,B,-,A,H,-,A,A,0,Y,,,,Y,,A,01,0,0,2,0,2,0,0,0,0,"- ","- ",34.134079999999997,-117.89506,"LOS ANGELES",AZUSA,-117.89862013,34.133440049999997
8360318,2017,2017-05-11,1942,2017-04-14,1230,38090,0738,5,5,7,1942,0,0,0,G,0,14TL49,"HIGHLAND AV","WILSHIRE BL",5.00,N,N,A,-,N,,,,,,,,,,N,4,0,1,2,A,-,06,21951,,N,G,B,B,A,H,-,A,A,0,Y,,,,Y,,A,01,0,0,1,0,1,0,0,0,0,"- ","- ",,,"LOS ANGELES","LOS ANGELES",-118.33849872,34.062131630000003
8360319,2017,2017-05-11,1941,2017-04-30,1435,11019,,7,5,7,1941,0,0,0,,0,,"EAST 10TH ST","VINA AV",0.00,,Y,A,-,N,,,,,,,,,,N,4,0,1,3,A,-,03,22350,,N,G,B,B,A,H,-,A,D,0,Y,,,,Y,,-,"- ",0,0,1,0,1,0,0,0,0,"- ","- ",,,"LOS ANGELES","LONG BEACH",-118.16931013,33.778970020000003
8360424,2017,2017-05-15,1942,2017-04-18,0600,38050,0265,2,5,7,1942,0,0,0,B,0,24TL27,"JAMES M WOOD BL","ALVARADO ST",0.00,,Y,A,-,N,,,,,,,,,,N,4,0,1,2,A,-,10,21952,,N,G,B,B,A,H,-,C,D,0,Y,,,,Y,,D,22,0,0,1,0,1,0,0,0,0,"- ","- ",,,"LOS ANGELES","LOS ANGELES",-118.2788,34.053370000000001
8360510,2017,2017-05-12,1942,2017-04-14,1140,40008,0174,5,5,7,1942,0,0,0,A,0,24TL24,"S MAIN ST","EAST 7TH ST",250.00,S,N,A,-,N,,,,,,,,,,N,4,0,1,2,A,-,21,22106,,N,D,B,C,A,H,-,A,A,0,Y,,,,Y,,A,07,0,0,1,0,1,0,0,0,0,"- ","- ",,,"LOS ANGELES","LOS ANGELES",-118.25202032999999,34.043498849999999
8360513,2017,2018-04-25,1942,2017-04-16,0145,25115,0212,7,5,7,1942,0,0,0,B,0,24T32,"VERMONT AV","RT 101",0.00,,Y,A,-,Y,LA,7,101,-,-,4.534,R,4,N,N,3,0,1,2,A,-,10,21950,A,N,G,B,C,A,H,-,C,D,0,Y,,,,Y,,A,07,0,1,0,0,1,0,0,0,0,"- ",NO,,,"LOS ANGELES","LOS ANGELES",-118.29441357,34.081556140000004
8360514,2017,2017-05-12,1942,2017-04-14,0635,32973,0162,5,5,7,1942,0,0,0,A,0,24T43,7TH,"FLOWER ST",0.00,,Y,A,-,N,,,,,,,,,,N,4,0,1,2,A,-,10,21950,A,F,G,B,B,A,H,-,A,A,0,Y,,,,Y,,-,99,0,0,1,0,1,0,0,0,0,"- ","- ",,,"LOS ANGELES","LOS ANGELES",-118.46904006,33.999550020000001
8360521,2017,2017-05-12,1942,2017-04-26,0650,38502,0216,3,5,7,1942,0,0,0,B,0,24T41,"MOHAWK ST","SUNSET BL",0.00,,Y,A,-,N,,,,,,,,,,N,4,0,1,2,A,-,10,21950,A,N,G,-,B,A,H,-,A,D,0,Y,,,,Y,,A,07,0,0,1,0,1,0,0,0,0,"- ","- ",,,"LOS ANGELES","LOS ANGELES",-118.26536009,34.077460090000002
8360526,2017,2017-05-12,1942,2017-04-12,1150,34458,0135,3,5,7,1942,0,0,0,A,0,L24TL2,"LOS ANGELES ST","4TH ST",6.00,S,N,A,-,N,,,,,,,,,,N,4,0,1,2,A,-,10,21950,A,F,G,B,B,A,H,-,A,D,0,Y,,,,Y,,-,99,0,0,1,0,1,0,0,0,0,"- ","- ",,,"LOS ANGELES","LOS ANGELES",-118.24620899999999,34.047266
8360537,2017,2017-05-12,1942,2017-04-23,1600,41661,0204,7,5,7,1942,0,0,0,B,0,24TL54,"HYPERION AV","SUNSET BL",0.00,,Y,A,-,N,,,,,,,,,,N,4,0,1,2,A,-,11,21956,A,F,G,B,E,A,H,-,A,A,0,Y,,,,Y,,-,99,0,0,1,0,1,0,0,0,0,"- ","- ",,,"LOS ANGELES","LOS ANGELES",-118.27965005,34.091680019999998
8361019,2017,2017-05-12,1923,2017-04-23,1106,445,322,7,5,3,1923,0,0,0,,0,3L3D,"CORAL CIR","DOUGLAS ST",0.00,,Y,A,-,N,,,,,,,,,,N,4,0,1,2,A,-,11,21954,A,N,-,B,E,A,H,-,A,D,0,Y,,,,Y,,N,60,0,0,1,0,1,0,0,0,0,"- ","- ",33.91066,-118.38216,"LOS ANGELES","EL SEGUNDO",-118.38322014000001,33.913100010000001
8361080,2017,2017-05-17,1942,2017-04-14,1830,33696,1998,5,5,7,1942,0,0,0,,0,17X54,"LANARK ST","PEACHTREE AV",30.00,W,N,A,-,N,,,,,,,,,,Y,3,0,2,4,A,-,03,22350,,N,C,E,E,A,H,-,A,A,0,Y,,,,Y,,A,01,0,2,0,0,2,0,0,0,0,"- ","- ",,,"LOS ANGELES","LOS ANGELES",-118.43576971,34.216785110000004
8361228,2017,2017-05-19,1953,2017-04-12,1709,1582,PASAD,3,5,6,1953,0,0,0,,0,005,"RAYMOND AV","COLORADO BL",0.00,,Y,A,-,N,,,,,,,,,,N,4,0,1,2,A,-,10,21950,,N,G,B,B,A,H,-,A,A,0,Y,,,,Y,,A,01,0,0,1,0,1,0,0,0,0,"- ","- ",,,"LOS ANGELES",PASADENA,-118.14890008,34.145800080000001
8361316,2017,2017-05-18,1942,2017-04-04,1620,30471,1043,2,5,7,1942,0,0,0,J,0,10W91,"RESEDA BL","COLLINS ST",123.00,N,N,A,-,N,,,,,,,,,,N,4,0,1,2,A,-,11,21950,B,N,G,B,D,A,H,-,A,A,0,Y,,,,Y,,N,60,0,0,1,0,0,0,0,0,0,"- ","- ",,,"LOS ANGELES","LOS ANGELES",-118.53600785,34.175247349999999
8361327,2017,2017-05-19,1942,2017-04-17,1950,38383,1959,1,5,7,1942,0,0,0,,0,21T65,"VAN NUYS BL","ARLETA AV",491.00,W,N,A,-,N,,,,,,,,,,N,2,0,1,2,A,-,11,21955,,N,G,B,D,A,H,-,B,D,0,Y,,,,Y,Y,N,60,1,0,0,0,1,0,0,0,0,"- ","- ",,,"LOS ANGELES","LOS ANGELES",-118.43991061,34.253113190000001
8361349,2017,2017-05-18,1900,2017-04-26,0804,51702,0453,3,5,6,1949,0,0,0,,0,45T1AM,"BRIMLEY ST","ALBURTIS AV",65.00,E,N,A,-,N,,,,,,,,,,N,4,0,1,2,A,-,11,21954,A,N,G,B,D,A,H,-,A,A,0,Y,,,,Y,,N,60,0,0,1,0,1,0,0,0,0,"- ","- ",,,"LOS ANGELES",NORWALK,-118.08402624,33.906570000000002
8361355,2017,2017-05-24,1942,2017-04-17,1610,39258,1993,1,5,7,1942,0,0,0,,0,1610,"SEPULVEDA PL","BURTON ST",120.00,S,N,A,-,N,,,,,,,,,,N,4,0,1,2,A,-,10,21954,B,N,G,B,D,A,H,-,A,A,0,Y,,,,Y,,A,01,0,0,1,0,1,0,0,0,0,"- ","- ",,,"LOS ANGELES","LOS ANGELES",-118.46620643999999,34.219741130000003
8361376,2017,2017-05-23,1942,2017-05-02,1115,33504,1993,2,5,7,1942,0,0,0,,0,19TL77,"BURNET AV","ROSCOE BL",50.00,N,N,A,-,N,,,,,,,,,,N,4,0,1,3,A,-,21,22106,,F,H,E,E,A,H,-,A,D,0,Y,,,,Y,,-,99,0,0,1,0,1,0,0,0,0,"- ","- ",,,"LOS ANGELES","LOS ANGELES",-118.46404,34.221449999999997
8361452,2017,2017-05-16,1942,2017-05-05,1530,38613,1045,5,5,7,1942,0,0,0,J,0,16TL25,"VENTURA BL","YOLANDA AV",17.00,W,N,A,-,N,,,,,,,,,,N,4,0,1,2,A,-,10,21950,A,F,G,B,B,A,H,-,A,A,0,Y,,,,Y,,-,99,0,0,1,0,1,0,0,0,0,"- ","- ",,,"LOS ANGELES","LOS ANGELES",-118.54078092,34.170699579999997
8361459,2017,2017-06-13,1941,2017-04-14,1610,10538,,5,5,7,1941,0,0,0,,0,,"ELEANOR ST","GAVIOTA AV",0.00,,Y,A,-,N,,,,,,,,,,N,4,0,1,2,A,-,"- ",,,M,A,B,D,A,H,-,A,D,0,Y,,,,Y,,N,,0,0,1,0,1,0,0,0,0,"- ","- ",,,"LOS ANGELES","LONG BEACH",-118.17198005,33.877180029999998
8361463,2017,2017-05-18,1941,2017-04-29,1846,10538,,6,5,7,1941,0,0,0,,0,,"WARDLOW RD","ELM AV",0.00,,Y,A,-,N,,,,,,,,,,N,3,0,1,2,A,-,11,21954,A,N,A,B,D,A,H,-,A,D,0,Y,,,,Y,,N,,0,1,0,0,1,0,0,0,0,"- ","- ",,,"LOS ANGELES","LONG BEACH",-118.18833003,33.818920089999999
8361726,2017,2017-05-18,1941,2017-05-01,1155,6110,,1,5,7,1941,0,0,0,,0,,"MAGNOLIA AV","7TH ST",6.00,S,N,A,-,N,,,,,,,,,,N,4,0,1,2,A,-,09,21801,A,M,B,-,B,A,H,-,A,A,0,Y,,,,Y,,A,,0,0,1,0,1,0,0,0,0,"- ","- ",,,"LOS ANGELES","LONG BEACH",-118.19804000000001,33.775343550000002
8361975,2017,2018-03-21,1972,2017-04-20,1530,19086,,4,5,6,1972,0,0,0,,0,,"HAWTHORNE BL","NEWTON ST",0.00,,Y,A,-,N,,,,,,,,,,N,4,0,1,2,A,-,10,21950,A,N,G,B,B,A,H,-,A,A,0,Y,,,,Y,,A,,0,0,1,0,1,0,0,0,0,"- ","- ",,,"LOS ANGELES",TORRANCE,-118.35122004999999,33.799380040000003
8362451,2017,2018-03-21,1900,2017-05-12,0044,526486,0977,5,5,4,1979,0,0,0,,0,91T2,"SANTA MONICA BL","ROBERTSON BL",250.00,E,N,A,-,N,,,,,,,,,,N,3,0,1,2,A,-,11,21954,A,N,G,B,-,A,H,-,C,A,0,Y,,,,Y,Y,N,60,0,1,0,0,1,0,0,0,0,"- ","- ",,,"LOS ANGELES","WEST HOLLYWOOD",-118.3849108,34.0843828
8362455,2017,2018-03-20,1900,2017-05-13,0409,526486,0972,6,5,4,1979,0,0,0,,0,91T2,"SANTA MONICA BL","LA CIENEGA BL",0.00,,Y,A,-,N,,,,,,,,,,N,3,0,1,2,A,-,11,21456,B,N,G,B,B,A,H,-,C,A,0,Y,,,,Y,,N,60,0,1,0,0,1,0,0,0,0,"- ","- ",,,"LOS ANGELES","WEST HOLLYWOOD",-118.37632006,34.089390059999999
8362555,2017,2017-05-24,1942,2017-04-12,1825,39217,2143,3,5,7,1942,0,0,0,,0,17TL16,"VICTORY BL","FALLBROOK AV",0.00,,Y,A,-,N,,,,,,,,,,N,3,0,1,2,A,-,10,21950,A,N,G,C,E,A,H,-,A,A,0,Y,,,,Y,,D,22,0,1,0,0,1,0,0,0,0,"- ","- ",,,"LOS ANGELES","LOS ANGELES",-118.62339013,34.186460089999997