CASE_ID,ACCIDENT_YEAR,PROC_DATE,JURIS,COLLISION_DATE,COLLISION_TIME,OFFICER_ID,REPORTING_DISTRICT,DAY_OF_WEEK,CHP_SHIFT,POPULATION,CNTY_CITY_LOC,SPECIAL_COND,BEAT_TYPE,CHP_BEAT_TYPE,CITY_DIVISION_LAPD,CHP_BEAT_CLASS,BEAT_NUMBER,PRIMARY_RD,SECONDARY_RD,DISTANCE,DIRECTION,INTERSECTION,WEATHER_1,WEATHER_2,STATE_HWY_IND,CALTRANS_COUNTY,CALTRANS_DISTRICT,STATE_ROUTE,ROUTE_SUFFIX,POSTMILE_PREFIX,POSTMILE,LOCATION_TYPE,RAMP_INTERSECTION,SIDE_OF_HWY,TOW_AWAY,COLLISION_SEVERITY,NUMBER_KILLED,NUMBER_INJURED,PARTY_COUNT,PRIMARY_COLL_FACTOR,PCF_CODE_OF_VIOL,PCF_VIOL_CATEGORY,PCF_VIOLATION,PCF_VIOL_SUBSECTION,HIT_AND_RUN,TYPE_OF_COLLISION,MVIW,PED_ACTION,ROAD_SURFACE,ROAD_COND_1,ROAD_COND_2,LIGHTING,CONTROL_DEVICE,CHP_ROAD_TYPE,PEDESTRIAN_ACCIDENT,BICYCLE_ACCIDENT,MOTORCYCLE_ACCIDENT,TRUCK_ACCIDENT,NOT_PRIVATE_PROPERTY,ALCOHOL_INVOLVED,STWD_VEHTYPE_AT_FAULT,CHP_VEHTYPE_AT_FAULT,COUNT_SEVERE_INJ,COUNT_VISIBLE_INJ,COUNT_COMPLAINT_PAIN,COUNT_PED_KILLED,COUNT_PED_INJURED,COUNT_BICYCLIST_KILLED,COUNT_BICYCLIST_INJURED,COUNT_MC_KILLED,COUNT_MC_INJURED,PRIMARY_RAMP,SECONDARY_RAMP,LATITUDE,LONGITUDE,COUNTY,CITY,POINT_X,POINT_Y
8362604,2017,2017-05-11,1975,2017-04-17,1500,353,,1,5,6,1975,0,0,0,,0,003,"REXWOOD AV","SUNSET AV",0.00,,Y,A,-,N,,,,,,,,,,N,4,0,1,2,A,-,10,21950,A,N,G,B,B,A,H,-,A,A,0,Y,,,,Y,,-,,0,0,1,0,1,0,0,0,0,"- ","- ",,,"LOS ANGELES","WEST COVINA",-117.9494701,34.058140029999997
8362848,2017,2017-05-11,1928,2017-04-09,1903,382,520,7,5,5,1928,0,0,0,,0,503,"ROSECRANS AV","CERISE AV",0.00,,Y,A,-,N,,,,,,,,,,Y,2,0,1,2,A,-,12,21453,A,N,G,B,B,A,H,-,B,A,0,Y,,,,Y,,A,01,1,0,0,0,1,0,0,0,0,"- ","- ",33.901879999999998,-118.33299,"LOS ANGELES",HAWTHORNE,-118.33304004999999,33.901930100000001
8362890,2017,2017-05-12,1942,2017-04-11,1600,36087,1785,2,5,7,1942,0,0,0,Q,0,12A95,"YOLANDA AV","NORDHOFF ST",0.00,,Y,A,-,N,,,,,,,,,,N,4,0,1,2,A,-,09,21804,A,N,G,B,B,A,H,-,A,A,0,Y,,,,Y,,N,60,0,0,1,0,1,0,0,0,0,"- ","- ",,,"LOS ANGELES","LOS ANGELES",-118.54049008,34.235470100000001
8362914,2017,2017-05-12,1942,2017-04-29,1415,36801,1722,6,5,7,1942,0,0,0,Q,0,10TL38,"OWENSMOUTH AV","DEVONSHIRE AV",0.00,,Y,A,-,N,,,,,,,,,,N,2,0,1,2,A,-,10,21950,A,N,-,B,B,A,H,-,A,A,0,Y,,,,Y,,A,01,1,0,0,0,1,0,0,0,0,"- ","- ",,,"LOS ANGELES","LOS ANGELES",-118.60168007999999,34.257240019999998
8362922,2017,2017-05-12,1942,2017-04-17,1210,36755,1717,1,5,7,1942,0,0,0,Q,0,16TL28,"RINALDI ST","WOODLEY AV",68.00,E,N,A,-,N,,,,,,,,,,N,3,0,1,2,A,-,11,21954,A,N,G,B,D,A,H,-,A,D,0,Y,,,,Y,,N,60,0,1,0,0,1,0,0,0,0,"- ","- ",,,"LOS ANGELES","LOS ANGELES",-118.4844453,34.279170000000001
8362946,2017,2017-05-12,1942,2017-04-19,1935,39779,1637,3,5,7,1942,0,0,0,P,0,9T51,"WENTWORTH ST","MOUNT GLEASON AV",15.00,S,N,A,-,N,,,,,,,,,,N,3,0,2,3,A,-,10,21950,A,N,G,B,B,A,H,-,C,A,0,Y,,,,Y,,A,01,0,1,1,0,2,0,0,0,0,"- ","- ",,,"LOS ANGELES","LOS ANGELES",-118.30269,34.266939999999998
8362951,2017,2017-05-12,1942,2017-04-07,1720,40165,1735,5,5,7,1942,0,0,0,Q,0,9TL56,"CHATSWORTH ST","LINDLEY AV",408.00,E,N,A,-,N,,,,,,,,,,N,4,0,1,2,D,-,00,,,N,G,B,F,A,H,-,A,D,0,Y,,,,Y,,-,"- ",0,0,1,0,1,0,0,0,0,"- ","- ",,,"LOS ANGELES","LOS ANGELES",-118.52590717,34.26464077
8363051,2017,2017-05-12,1941,2017-04-27,0530,6170,,4,5,7,1941,0,0,0,,0,,"WARDLOW RD","MAGNOLIA AV",0.00,,Y,A,-,N,,,,,,,,,,N,4,0,1,2,A,-,10,21952,,M,G,B,B,A,H,-,B,A,0,Y,,,,Y,Y,A,,0,0,1,0,1,0,0,0,0,"- ","- ",,,"LOS ANGELES","LONG BEACH",-118.19805004,33.819170020000001
8363289,2017,2017-05-15,1942,2017-01-18,1745,37705,0265,3,5,7,1942,0,0,0,B,0,24T52,"ALVARADO ST","7TH ST",3.00,N,N,C,-,N,,,,,,,,,,N,4,0,1,2,A,-,10,21950,A,N,G,B,B,B,H,-,B,A,0,Y,,,,Y,,A,07,0,0,1,0,1,0,0,0,0,"- ","- ",,,"LOS ANGELES","LOS ANGELES",-118.27681,34.056480000000001
8363448,2017,2017-05-17,1925,2017-04-25,2100,25923,263,2,5,6,1925,0,0,0,,0,002,"SAN FERNANDO RD","COLORADO ST",120.00,S,N,A,-,N,,,,,,,,,,Y,2,0,1,2,A,-,11,21955,,N,G,B,-,A,D,-,C,A,0,Y,,,,Y,,N,60,1,0,0,0,1,0,0,0,0,"- ","- ",,,"LOS ANGELES",GLENDALE,-118.26945053999999,34.142178800000003
8363467,2017,2017-05-16,1963,2017-04-04,1453,290,238,2,5,3,1963,0,0,0,,0,002,"HUNTINGTON DR","RIDGEWAY RD",168.90,W,N,A,-,N,,,,,,,,,,Y,2,0,1,3,A,-,08,22107,,N,G,B,-,A,H,-,A,D,0,Y,,,,Y,,A,01,1,0,0,0,1,0,0,0,0,"- ","- ",,,"LOS ANGELES","SAN MARINO",-118.10544543,34.122265599999999
8363523,2017,2017-05-16,1942,2017-04-20,0145,37987,725,4,5,7,1942,0,0,0,,0,7A21,"3RD ST",DETROIT,0.00,,Y,A,-,N,,,,,,,,,,N,3,0,1,2,A,-,10,21950,A,F,G,B,B,A,H,-,C,D,0,Y,,,,Y,Y,-,99,0,1,0,0,1,0,0,0,0,"- ","- ",,,"LOS ANGELES","LOS ANGELES",-118.34514009,34.068900069999998
8363551,2017,2017-05-16,1942,2017-04-28,2020,37888,0737,5,5,7,1942,0,0,0,G,0,7X52,"WILSHIRE BL","SYCAMORE AV",0.00,,Y,A,G,N,,,,,,,,,,N,4,0,1,2,A,-,10,21950,,N,G,B,B,A,D,-,C,A,0,Y,,,,Y,,A,01,0,0,1,0,1,0,0,0,0,"- ","- ",,,"LOS ANGELES","LOS ANGELES",-118.34293011,34.062190119999997
8363579,2017,2017-05-16,1942,2017-04-21,1615,31255,0643,5,5,7,1942,0,0,0,F,0,7TL38,"HAWTHORN AV","LA BREA AV",15.00,W,N,A,-,N,,,,,,,,,,N,3,0,1,2,A,-,00,22106,A,N,G,B,D,A,H,-,A,D,0,Y,,,,Y,,A,01,0,1,0,0,1,0,0,0,0,"- ","- ",,,"LOS ANGELES","LOS ANGELES",-118.34482,34.100290000000001
8363595,2017,2017-05-16,1942,2017-04-25,1535,34959,0787,2,5,7,1942,0,0,0,G,0,20T56,"CRENSHAW BL","WASHINGTON BL",340.00,S,N,A,-,N,,,,,,,,,,N,4,0,1,2,A,-,11,21954,A,F,G,B,D,A,H,-,A,D,0,Y,,,,Y,,N,60,0,0,1,0,1,0,0,0,0,"- ","- ",,,"LOS ANGELES","LOS ANGELES",-118.33154431,34.039015220000003
8363782,2017,2017-05-18,1942,2017-04-09,2210,42493,0395,7,5,7,1942,0,0,0,C,0,3A1,"WESTERN AV","VERNON AV",0.00,,Y,A,-,N,,,,,,,,,,N,4,0,1,2,A,-,10,21950,A,F,G,B,B,A,H,-,C,A,0,Y,,,,Y,,-,99,0,0,1,0,1,0,0,0,0,"- ","- ",,,"LOS ANGELES","LOS ANGELES",-118.30893003,34.003720090000002
8363802,2017,2017-05-18,1942,2017-04-29,0930,38101,0356,6,5,7,1942,0,0,0,C,0,3A63,WESTERN,"36TH ST",0.00,,Y,A,-,N,,,,,,,,,,,3,0,1,2,A,-,10,21950,A,N,G,B,B,A,H,-,A,D,0,Y,,,,Y,,-,99,0,1,0,0,1,0,0,0,0,"- ","- ",,,"LOS ANGELES","LOS ANGELES",-118.30890008,34.02281009
8364075,2017,2017-05-25,1942,2017-03-10,2245,41969,0393,5,5,7,1942,0,0,0,C,0,3A15,HOMELAND,CRENSHAW,15.00,W,N,A,-,N,,,,,,,,,,N,3,0,1,2,A,-,00,21754,A,N,G,B,D,A,H,-,C,A,0,Y,,,,Y,,N,60,0,1,0,0,1,0,0,0,0,"- ","- ",,,"LOS ANGELES","LOS ANGELES",-118.33378303000001,34.005309799999999
8364165,2017,2017-05-23,1942,2017-04-30,2045,40325,0182,7,5,7,1942,0,0,0,A,0,24T34,"9TH ST","HOPE ST",0.00,,Y,A,-,N,,,,,,,,,,N,3,0,1,2,A,-,10,21950,A,N,G,B,B,A,H,-,C,A,0,Y,,,,Y,,A,01,0,1,0,0,1,0,0,0,0,"- ","- ",,,"LOS ANGELES","LOS ANGELES",-118.26036001999999,34.045110000000001
8364190,2017,2017-05-23,1942,2017-04-13,2100,41729,1861,4,5,7,1942,0,0,0,R,0,3T5W3,"HOOVER ST","115TH ST",100.00,S,N,A,-,N,,,,,,,,,,N,3,0,1,2,A,-,11,21954,A,N,G,B,D,A,H,-,C,D,0,Y,,,,Y,,N,60,0,1,0,0,1,0,0,0,0,"- ","- ",,,"LOS ANGELES","LOS ANGELES",-118.28699,33.929465739999998
8364202,2017,2017-05-23,1942,2017-04-15,1610,41921,1801,6,5,7,1942,0,0,0,R,0,3T57,"BARING CROSS AV","90TH ST",116.00,N,N,A,-,N,,,,,,,,,,N,3,0,1,2,A,-,11,21954,A,N,D,B,E,A,H,-,A,D,0,Y,,,,Y,,N,60,0,1,0,0,1,0,0,0,0,"- ","- ",,,"LOS ANGELES","LOS ANGELES",-118.28934219,33.955368129999997
8364209,2017,2017-05-23,1900,2017-04-16,0253,517137,0987,7,5,4,1979,0,0,0,,0,91T1,"SUNSET BL","QUEENS RD",57.00,W,N,A,-,N,,,,,,,,,,N,3,0,1,2,A,-,11,21954,A,N,D,B,D,A,H,-,C,D,0,Y,,,,Y,Y,N,60,0,1,0,0,1,0,0,0,0,"- ","- ",,,"LOS ANGELES","WEST HOLLYWOOD",-118.37493191,34.094720770000002
8364217,2017,2017-05-23,1900,2017-04-16,2200,546266,0973,7,5,4,1979,0,0,0,,0,93T1P,"N LA BREA AV","ROMAINE ST",115.00,N,N,A,-,N,,,,,,,,,,N,4,0,1,2,A,-,08,22107,,F,G,B,E,A,H,-,C,D,0,Y,,,,Y,,A,01,0,0,1,0,1,0,0,0,0,"- ","- ",,,"LOS ANGELES","WEST HOLLYWOOD",-118.34408999999999,34.089205409999998
8364221,2017,2017-05-23,1900,2017-04-13,1120,443069,0977,4,5,4,1979,0,0,0,,0,92T1,"DOHENY DR","NEMO ST",75.00,N,N,A,-,N,,,,,,,,,,N,2,0,1,2,A,-,05,21650,,N,G,B,D,A,H,-,A,D,0,Y,,,,Y,,A,01,1,0,0,0,1,0,0,0,0,"- ","- ",,,"LOS ANGELES","WEST HOLLYWOOD",-118.38977337,34.082455690000003
8364233,2017,2017-05-23,1942,2017-04-20,1505,40643,0221,4,5,7,1942,0,0,0,B,0,24TL57,"OAKWOOD AV","BERENDO ST",0.00,,Y,A,-,N,,,,,,,,,,N,3,0,1,2,A,-,21,22106,,N,G,B,D,A,H,-,A,D,0,Y,,,,Y,,A,07,0,1,0,0,1,0,0,0,0,"- ","- ",,,"LOS ANGELES","LOS ANGELES",-118.29443012,34.077700049999997
8364247,2017,2017-05-23,1942,2017-05-08,0745,37679,1849,1,5,7,1942,0,0,0,R,0,3T5,"112TH ST","WILMINGTON AV",400.00,E,N,A,-,N,,,,,,,,,,N,3,0,1,2,A,-,11,21954,A,N,G,B,D,A,H,-,A,D,0,Y,,,,Y,,N,60,0,1,0,0,1,0,0,0,0,"- ","- ",,,"LOS ANGELES","LOS ANGELES",-118.23904,33.933480000000003
8364249,2017,2017-05-23,1942,2017-03-03,1025,40869,1824,5,5,7,1942,0,0,0,R,0,3317,"103RD PL","MCKINLEY AV",160.00,E,N,B,-,N,,,,,,,,,,N,3,0,1,2,A,-,11,21954,A,N,G,B,D,A,H,-,B,D,0,Y,,,,Y,,N,60,0,1,0,0,1,0,0,0,0,"- ","- ",,,"LOS ANGELES","LOS ANGELES",-118.26033351,33.942568799999997
8364255,2017,2017-05-23,1942,2017-05-08,1700,41924,1846,1,5,7,1942,0,0,0,R,0,5T25,"112TH ST","EVERS AV",80.00,W,N,A,-,N,,,,,,,,,,N,4,0,2,3,A,-,11,21956,A,N,D,B,D,A,H,-,A,D,0,Y,,,,Y,,N,60,0,0,2,0,2,0,0,0,0,"- ","- ",,,"LOS ANGELES","LOS ANGELES",-118.24763319,33.933168279999997
8364257,2017,2017-05-23,1942,2017-03-03,2305,41405,0363,5,5,7,1942,0,0,0,C,0,3A1,"SANTA ROSALIA DR","SOMERSET DR",20.00,W,N,A,-,N,,,,,,,,,,N,4,0,1,2,A,-,11,21954,A,N,G,B,D,A,H,-,C,D,0,Y,,,,Y,,N,60,0,0,1,0,1,0,0,0,0,"- ","- ",,,"LOS ANGELES","LOS ANGELES",-118.34125647,34.01164824
8364296,2017,2017-06-14,1942,2017-04-29,1350,41757,,6,5,7,1942,0,0,0,,0,0265,"ALVARADO ST","JAMES M WOOD",0.00,,Y,A,-,N,,,,,,,,,,N,2,0,1,2,A,-,10,21950,A,N,G,B,B,A,H,-,A,A,0,Y,,,,Y,,A,01,1,0,0,0,1,0,0,0,0,"- ","- ",,,"LOS ANGELES","LOS ANGELES",-118.2788,34.053370000000001
8364315,2017,2017-05-23,1942,2017-05-02,1930,39062,0464,2,5,7,1942,0,0,0,D,0,24T34,"SOTO ST","1ST ST",300.00,N,N,A,-,N,,,,,,,,,,N,3,0,1,2,A,-,11,21954,A,N,G,B,D,A,H,-,B,D,0,Y,,,,Y,Y,N,60,0,1,0,0,1,0,0,0,0,"- ","- ",,,"LOS ANGELES","LOS ANGELES",-118.20977999999999,34.043750000000003
8364332,2017,2018-03-21,1900,2017-04-10,0020,517137,0977,1,5,4,1979,0,0,0,,0,91T1,"SANTA MONICA BL","ROBERTSON BL",45.00,E,N,A,-,N,,,,,,,,,,N,4,0,1,2,A,-,11,21456,B,N,D,B,B,A,H,-,C,A,0,Y,,,Y,Y,Y,N,60,0,0,1,0,1,0,0,0,0,"- ","- ",,,"LOS ANGELES","WEST HOLLYWOOD",-118.38543534,34.084028310000001
8364373,2017,2017-05-24,1900,2017-03-29,0640,532457,1337,3,5,5,1908,0,0,0,,0,133T1D,"WOODRUFF AV","FLORA VISTA ST",4.00,N,N,A,-,N,,,,,,,,,,N,3,0,1,2,A,-,10,21950,A,N,G,B,B,A,H,-,A,A,0,Y,,,,Y,,A,07,0,1,0,0,1,0,0,0,0,"- ","- ",,,"LOS ANGELES",BELLFLOWER,-118.11731029000001,33.881900969999997
8364389,2017,2017-05-24,1900,2017-03-12,1315,520746,0452,7,5,6,1949,0,0,0,,0,43T1,"NORWALK BL","IMPERIAL HWY",9.00,N,N,A,-,N,,,,,,,,,,N,3,0,1,3,A,-,04,21703,,N,C,C,B,A,A,-,A,A,0,Y,,,,Y,,A,01,0,1,0,0,1,0,0,0,0,"- ","- ",,,"LOS ANGELES",NORWALK,-118.07269943999999,33.91721467
8364421,2017,2017-05-25,1942,2017-05-03,1815,34599,2156,3,5,7,1942,0,0,0,,0,17T17,"OWENSMOUTH AV","PROMENADE DR",200.00,S,N,A,-,N,,,,,,,,,,N,3,0,1,2,A,-,00,21955,A,N,G,B,C,A,H,-,A,A,0,Y,,,,Y,,N,60,0,1,0,0,1,0,0,0,0,"- ","- ",,,"LOS ANGELES","LOS ANGELES",-118.601505,34.180539000000003
8364432,2017,2017-05-24,1948,2017-03-28,0817,374,1948,2,5,5,1948,0,0,0,,0,002,"EAST HELLMAN AV","NORTH GARFIELD AV",83.00,E,N,A,-,N,,,,,,,,,,Y,3,0,1,2,C,-,18,,,N,E,I,F,A,H,-,A,D,0,Y,,,,Y,,-,"- ",0,1,0,0,1,0,0,0,0,"- ","- ",,,"LOS ANGELES","MONTEREY PARK",-118.12265653,34.069762439999998
8364433,2017,2017-05-25,1942,2017-05-01,0930,42322,2187,1,5,7,1942,0,0,0,,0,21A97,"MEDINA RD","BAZA ST",150.00,N,N,A,-,N,,,,,,,,,,N,3,0,2,2,A,-,11,21955,,N,G,B,D,A,H,-,A,D,0,Y,,,,Y,,N,60,0,1,1,0,1,0,0,0,0,"- ","- ",,,"LOS ANGELES","LOS ANGELES",-118.60038709,34.165997419999997
8364457,2017,2017-05-25,1942,2017-05-05,1750,39600,2177,5,5,7,1942,0,0,0,,0,21A42,"OWENSMOUTH AV","CALIFA ST",300.00,S,N,A,-,N,,,,,,,,,,N,3,0,1,2,A,-,11,21956,A,N,G,B,D,A,H,-,A,D,0,Y,,,,Y,,N,60,0,1,0,0,1,0,0,0,0,"- ","- ",,,"LOS ANGELES","LOS ANGELES",-118.60147562,34.176387009999999
8364491,2017,2017-05-24,1942,2017-05-09,1755,37867,,2,5,7,1942,0,0,0,,0,17X54,"ROSCOE BL","RESEDA BL",0.00,W,N,A,-,N,,,,,,,,,,Y,3,0,1,2,A,-,03,22350,,N,G,B,F,A,H,-,A,A,0,Y,,,,Y,,A,07,0,1,0,0,1,0,0,0,0,"- ","- ",,,"LOS ANGELES","LOS ANGELES",-118.53608004,34.220750039999999
8364504,2017,2017-05-25,1942,2017-05-06,2205,37390,1967,6,5,7,1942,0,0,0,,0,19A1,"DORRINGTON AV","TERRA BELLA ST",0.00,,Y,A,-,N,,,,,,,,,,N,4,0,1,2,A,-,10,21950,A,N,G,B,B,A,H,-,C,D,0,Y,,,,Y,,-,,0,0,1,0,1,0,0,0,0,"- ","- ",,,"LOS ANGELES","LOS ANGELES",-118.44224009,34.240830090000003
8364516,2017,2017-05-26,1942,2017-05-04,0750,41497,1972,4,5,7,1942,0,0,0,,0,16T23,"BURNET AV","NORDHOFF ST",0.00,,Y,A,-,N,,,,,,,,,,N,3,0,1,2,A,-,10,21950,A,N,G,B,B,A,H,-,A,D,0,Y,,,,Y,,A,01,0,1,0,0,1,0,0,0,0,"- ","- ",,,"LOS ANGELES","LOS ANGELES",-118.46325012,34.235500109999997
8364538,2017,2017-06-14,1941,2017-05-12,1834,5502,,5,5,7,1941,0,0,0,,0,,"EL DORADO PARK",CARSON,500.00,E,N,A,-,N,,,,,,,,,,N,3,0,1,2,A,-,"- ",,,N,G,B,E,A,H,-,A,A,0,Y,,,,Y,,-,"- ",0,1,0,0,1,0,0,0,0,"- ","- ",,,"LOS ANGELES","LONG BEACH",-118.32062000000001,33.830799999999996
8364547,2017,2017-06-14,1942,2017-05-08,1530,34362,1602,1,5,7,1942,0,0,0,P,0,15X36,"GLEN OAKS BL","MERCER ST",90.00,S,N,B,-,N,,,,,,,,,,N,4,0,1,2,A,-,"- ",,,M,G,B,F,A,H,-,A,D,0,Y,,,,Y,,-,,0,0,1,0,1,0,0,0,0,"- ","- ",,,"LOS ANGELES","LOS ANGELES",-118.41309534,34.275023419999997
8364550,2017,2017-05-26,1941,2017-05-12,1755,10539,,5,5,7,1941,0,0,0,,0,,"ARTESIA BL","ARTESIA BL 2831",0.00,,Y,A,-,N,,,,,,,,,,N,3,0,1,2,A,-,11,21954,A,N,G,B,D,A,H,-,A,D,0,Y,,,,Y,,N,,0,1,0,0,1,0,0,0,0,"- ","- ",,,"LOS ANGELES","LONG BEACH",-118.159307,33.874752999999998
8364806,2017,2017-05-10,1941,2017-04-12,0650,5508,,3,5,7,1941,0,0,0,,0,,"7TH ST",ATLANTIC,0.00,,Y,A,-,N,,,,,,,,,,N,4,0,1,2,A,-,08,22107,,N,G,B,B,A,H,-,A,A,0,Y,,,,Y,,A,,0,0,1,0,1,0,0,0,0,"- ","- ",,,"LOS ANGELES","LONG BEACH",-118.18505003999999,33.775340049999997
8364842,2017,2017-05-17,1941,2017-04-29,1053,11016,,6,5,7,1941,0,0,0,,0,,"E MARKET ST","DAIRY AV",0.00,,Y,A,-,N,,,,,,,,,,N,3,0,1,2,A,-,00,20001,A,N,G,B,B,A,H,-,A,A,0,Y,,,,Y,,A,,0,1,0,0,1,0,0,0,0,"- ","- ",,,"LOS ANGELES","LONG BEACH",-118.19481001,33.8542901
8365106,2017,2017-05-15,1955,2017-04-22,1438,42120,0049,6,5,6,1955,0,0,0,,0,001,"LEWIS ST","LAUREL AV",300.00,S,N,A,-,N,,,,,,,,,,N,3,0,1,2,A,-,05,21650,,M,G,B,E,A,H,-,A,A,0,Y,,,,Y,,D,22,0,1,0,0,1,0,0,0,0,"- ","- ",,,"LOS ANGELES",POMONA,-117.7695818,34.063118019999997
8365142,2017,2017-05-12,1942,2017-04-17,1550,42351,,1,5,7,1942,0,0,0,,0,17A74,"RESEDA BL","VINCENNES ST",0.00,,Y,A,-,N,,,,,,,,,,N,3,0,1,2,A,-,10,21950,A,N,A,B,B,A,H,-,A,A,0,Y,,,,Y,,A,01,0,1,0,0,1,0,0,0,0,"- ","- ",,,"LOS ANGELES","LOS ANGELES",-118.53608,34.240940080000001
8365158,2017,2017-05-12,1955,2017-04-18,0730,40624,0093,2,5,6,1955,0,0,0,,0,004,"SAN ANTONIO AV","9TH ST",0.00,,Y,A,-,N,,,,,,,,,,N,4,0,1,2,A,-,10,21950,A,F,G,B,B,A,H,-,A,A,0,Y,,,,Y,,A,07,0,0,1,0,1,0,0,0,0,"- ","- ",,,"LOS ANGELES",POMONA,-117.73680005999999,34.051760080000001
8365171,2017,2017-05-15,1941,2017-03-31,1224,6179,,5,5,7,1941,0,0,0,,0,,"MARTIN LUTHER KING JR AV","11TH ST",148.00,S,N,A,-,N,,,,,,,,,,N,3,0,1,2,A,-,11,21956,A,N,G,B,E,A,H,-,A,D,0,Y,,,,Y,,N,,0,1,0,0,1,0,0,0,0,"- ","- ",,,"LOS ANGELES","LONG BEACH",-118.18068,33.780384140000002
8365173,2017,2017-05-12,1942,2017-04-09,1540,40315,2022,7,5,7,1942,0,0,0,,0,14TL52,"WILTON PL","5TH ST",9.00,S,N,A,-,N,,,,,,,,,,N,3,0,1,2,A,-,10,21950,A,N,G,B,B,A,H,-,A,A,0,Y,,,,Y,,A,01,0,1,0,0,1,0,0,0,0,"- ","- ",,,"LOS ANGELES","LOS ANGELES",-118.31406,34.065295319999997
8365326,2017,2017-06-13,1900,2017-01-21,1155,602978,1335,6,5,5,1908,0,0,0,,0,133T1,"ROSE ST","CLARK AV",664.00,W,N,A,-,N,,,,,,,,,,N,3,0,1,2,A,-,21,22106,,N,G,B,D,A,H,-,A,D,0,Y,,,Y,Y,,-,"- ",0,1,0,0,1,0,0,0,0,"- ","- ",,,"LOS ANGELES",BELLFLOWER,-118.13605278,33.869597280000001
8365395,2017,2017-05-15,1900,2017-04-27,1945,552338,1620,4,5,5,1977,0,0,0,,0,167T1,"CARSON ST","MARTIN ST",350.00,E,N,B,-,N,,,,,,,,,,N,3,0,1,2,A,-,11,21954,A,N,G,B,D,A,H,-,E,D,0,Y,,,,Y,,N,60,0,1,0,0,1,0,0,0,0,"- ","- ",,,"LOS ANGELES",CARSON,-118.24295995999999,33.831789999999998
8365592,2017,2017-05-16,1942,2017-04-28,1930,40415,1213,5,5,7,1942,0,0,0,L,0,12T43,"54TH ST","WESTERN AV",99.00,W,N,A,-,N,,,,,,,,,,,3,0,1,2,A,-,11,21954,A,N,G,B,D,A,H,-,B,D,0,Y,,,,Y,Y,D,22,0,1,0,0,1,0,0,0,0,"- ","- ",,,"LOS ANGELES","LOS ANGELES",-118.30926597,33.993250000000003
8365628,2017,2017-05-16,1942,2017-04-27,1815,37961,1259,4,5,7,1942,0,0,0,L,0,12X48,"WADSWORTH AV","79TH ST",120.00,S,N,A,-,N,,,,,,,,,,N,2,0,1,2,A,-,09,21801,A,N,G,B,F,A,G,-,A,D,0,Y,,,,Y,,A,07,1,0,0,0,1,0,0,0,0,"- ","- ",,,"LOS ANGELES","LOS ANGELES",-118.25861,33.967130900000001
8365648,2017,2017-05-16,1942,2017-04-11,1200,35259,"LOS A",2,5,7,1942,0,0,0,,0,12X48,"WESTERN AV","SLAUSON AV",0.00,,Y,A,-,N,,,,,,,,,,N,4,0,1,2,A,-,10,21950,A,F,G,B,B,A,H,-,A,A,0,Y,,,,Y,,-,99,0,0,1,0,1,0,0,0,0,"- ","- ",,,"LOS ANGELES","LOS ANGELES",-118.30895002,33.989150010000003
8365885,2017,2017-05-17,1972,2017-04-04,0923,17261,,2,5,6,1972,0,0,0,,0,,CRENSHAW,AIRPORT,400.00,S,N,A,-,N,,,,,,,,,,N,3,0,1,2,A,-,11,21950,B,N,G,B,B,A,H,-,A,D,0,Y,,,,Y,,N,,0,1,0,0,1,0,0,0,0,"- ","- ",,,"LOS ANGELES",TORRANCE,-118.33156464,33.793133699999998
8365919,2017,2017-05-17,1942,2017-04-26,1115,41045,0636,3,5,7,1942,0,0,0,F,0,6A15,"HIGHLAND AV",FRANKLIN,350.00,N,N,A,-,N,,,,,,,,,,N,3,0,1,2,A,-,11,21954,A,N,G,B,D,A,H,-,A,D,0,Y,,,,Y,,N,60,0,1,0,0,1,0,0,0,0,"- ","- ",,,"LOS ANGELES","LOS ANGELES",-118.33754854999999,34.104820080000003
8365953,2017,2017-05-17,1942,2017-04-29,1130,41859,1241,6,5,7,1942,0,0,0,L,0,18T23,"W FLORENCE AV","VERMONT AV",10.00,E,N,A,-,N,,,,,,,,,,N,4,0,1,2,A,-,09,21802,A,F,G,B,B,A,H,-,A,A,0,Y,,,,Y,,-,99,0,0,1,0,1,0,0,0,0,"- ","- ",,,"LOS ANGELES","LOS ANGELES",-118.29170707999999,33.974629999999998
8365957,2017,2017-05-17,1942,2017-04-21,0730,38302,1257,5,5,7,1942,0,0,0,L,0,25MQ18,83RD,"HOOVER ST",6.00,E,N,A,-,N,,,,,,,,,,N,4,0,1,2,A,-,00,21859,A,N,G,B,B,A,H,-,A,A,0,Y,,,,Y,,-,"- ",0,0,1,0,1,0,0,0,0,"- ","- ",,,"LOS ANGELES","LOS ANGELES",-118.28711,33.963630000000002
8365977,2017,2017-05-17,1942,2017-04-14,2320,41977,1269,5,5,7,1942,0,0,0,L,0,12T41,"SAN PEDRO ST","84TH PL",13.00,N,N,A,-,N,,,,,,,,,,N,3,0,1,2,A,-,11,21954,A,N,G,B,D,A,H,-,C,A,0,Y,,,,Y,,N,60,0,1,0,0,1,0,0,0,0,"- ","- ",,,"LOS ANGELES","LOS ANGELES",-118.26953,33.961965650000003
8366003,2017,2017-05-26,1942,2017-05-09,1150,42385,0373,2,5,7,1942,0,0,0,C,0,3A73,CRENSHAW,COLISEUM,0.00,,Y,A,-,N,,,,,,,,,,Y,2,0,1,3,A,-,09,21801,A,N,A,B,F,A,H,-,A,A,0,Y,,,,Y,,A,01,1,0,0,0,1,0,0,0,0,"- ","- ",,,"LOS ANGELES","LOS ANGELES",-118.33533007,34.018200040000004