CASE_ID,ACCIDENT_YEAR,PROC_DATE,JURIS,COLLISION_DATE,COLLISION_TIME,OFFICER_ID,REPORTING_DISTRICT,DAY_OF_WEEK,CHP_SHIFT,POPULATION,CNTY_CITY_LOC,SPECIAL_COND,BEAT_TYPE,CHP_BEAT_TYPE,CITY_DIVISION_LAPD,CHP_BEAT_CLASS,BEAT_NUMBER,PRIMARY_RD,SECONDARY_RD,DISTANCE,DIRECTION,INTERSECTION,WEATHER_1,WEATHER_2,STATE_HWY_IND,CALTRANS_COUNTY,CALTRANS_DISTRICT,STATE_ROUTE,ROUTE_SUFFIX,POSTMILE_PREFIX,POSTMILE,LOCATION_TYPE,RAMP_INTERSECTION,SIDE_OF_HWY,TOW_AWAY,COLLISION_SEVERITY,NUMBER_KILLED,NUMBER_INJURED,PARTY_COUNT,PRIMARY_COLL_FACTOR,PCF_CODE_OF_VIOL,PCF_VIOL_CATEGORY,PCF_VIOLATION,PCF_VIOL_SUBSECTION,HIT_AND_RUN,TYPE_OF_COLLISION,MVIW,PED_ACTION,ROAD_SURFACE,ROAD_COND_1,ROAD_COND_2,LIGHTING,CONTROL_DEVICE,CHP_ROAD_TYPE,PEDESTRIAN_ACCIDENT,BICYCLE_ACCIDENT,MOTORCYCLE_ACCIDENT,TRUCK_ACCIDENT,NOT_PRIVATE_PROPERTY,ALCOHOL_INVOLVED,STWD_VEHTYPE_AT_FAULT,CHP_VEHTYPE_AT_FAULT,COUNT_SEVERE_INJ,COUNT_VISIBLE_INJ,COUNT_COMPLAINT_PAIN,COUNT_PED_KILLED,COUNT_PED_INJURED,COUNT_BICYCLIST_KILLED,COUNT_BICYCLIST_INJURED,COUNT_MC_KILLED,COUNT_MC_INJURED,PRIMARY_RAMP,SECONDARY_RAMP,LATITUDE,LONGITUDE,COUNTY,CITY,POINT_X,POINT_Y
8476540,2017,2017-10-30,1928,2017-09-28,1641,324,518,4,5,5,1928,0,0,0,,0,503,"PRAIRIE AV","135TH ST",0.00,,Y,A,-,N,,,,,,,,,,N,3,0,1,2,A,-,10,21950,A,N,G,B,B,A,H,-,A,A,0,Y,,,,Y,,A,01,0,1,0,0,1,0,0,0,0,"- ","- ",,,"LOS ANGELES",HAWTHORNE,-118.34387004,33.90972008
8476584,2017,2017-11-09,1942,2017-09-28,1849,26319,0911,4,5,7,1942,0,0,0,I,0,19TL74,"VICTORY BL",ORION,7.00,E,N,A,-,N,,,,,,,,,,N,4,0,1,2,A,-,11,21954,A,F,G,C,E,A,H,-,C,D,0,Y,,,,Y,Y,N,60,0,0,1,0,1,0,0,0,0,"- ","- ",,,"LOS ANGELES","LOS ANGELES",-118.47054688999999,34.186639999999997
8476587,2017,2017-11-08,1920,2017-08-26,2258,10216,,6,5,6,1920,0,0,0,,0,001,"FOSTER RD","WOODRUFF AV",0.00,,Y,A,-,N,,,,,,,,,,N,2,0,1,2,A,-,10,21950,A,N,G,B,B,A,H,-,C,A,0,Y,,,,Y,,A,01,1,0,0,0,1,0,0,0,0,"- ","- ",,,"LOS ANGELES",DOWNEY,-118.11668012,33.909780019999999
8476607,2017,2017-11-08,1920,2017-08-21,1000,11592,,1,5,6,1920,0,0,0,,0,006,"PARAMOUNT BL","QUILL DR",0.00,,Y,A,-,N,,,,,,,,,,N,4,0,1,2,A,-,08,22107,,N,G,B,B,A,H,-,A,A,0,Y,,,,Y,,A,01,0,0,1,0,1,0,0,0,0,"- ","- ",,,"LOS ANGELES",DOWNEY,-118.14986005999999,33.926870039999997
8476622,2017,2017-11-01,1913,2017-09-12,1450,4082,49,2,5,4,1913,0,0,0,,0,003,"BASELINE RD","INDIAN HILL BL",0.00,,Y,A,-,N,,,,,,,,,,N,3,0,1,2,A,-,10,21950,A,N,G,B,B,A,H,-,A,A,0,Y,,,,Y,,D,22,0,1,0,0,1,0,0,0,0,"- ","- ",,,"LOS ANGELES",CLAREMONT,-117.72025008999999,34.121610009999998
8476636,2017,2017-11-20,1941,2017-09-26,0751,5594,,2,5,7,1941,0,0,0,,0,,"HILL ST","BALTIC AV",15.00,E,N,A,-,N,,,,,,,,,,N,4,0,1,2,-,-,"- ",,,N,B,B,D,A,H,-,A,D,0,Y,,,,Y,,-,"- ",0,0,1,0,1,0,0,0,0,"- ","- ",,,"LOS ANGELES","LONG BEACH",-118.21326077000001,33.79712164
8476896,2017,2017-10-26,1969,2017-09-25,2001,10100,PATRO,1,5,5,1969,0,0,0,,0,002,"STATE ST","SOUTHERN AV",0.00,,Y,A,-,N,,,,,,,,,,Y,4,0,3,5,A,-,09,21801,A,N,A,B,F,A,H,-,C,A,0,Y,,,,Y,,A,01,0,0,3,0,2,0,0,0,0,"- ","- ",,,"LOS ANGELES","SOUTH GATE",-118.21267005,33.951740039999997
8477158,2017,2017-10-24,1924,2017-03-29,1413,77534,32,3,5,5,1924,0,0,0,,0,004,"WESTERN AV","153RD ST",0.00,,Y,A,-,N,,,,,,,,,,Y,2,0,5,3,A,-,09,21801,A,N,D,B,F,A,H,-,A,A,0,Y,,,,Y,,A,07,1,0,4,0,1,0,0,0,0,"- ","- ",,,"LOS ANGELES",GARDENA,-118.30915011,33.892850090000003
8477197,2017,2017-10-23,1924,2017-06-01,1523,116230,G40,4,5,5,1924,0,0,0,,0,0G5,"162ND ST","BRIGHTON AV",0.00,,Y,A,-,N,,,,,,,,,,Y,3,0,1,2,A,-,10,21950,A,N,G,B,B,A,H,-,A,D,0,Y,,,,Y,,A,07,0,1,0,0,1,0,0,0,0,"- ","- ",33.883789999999998,-118.30079000000001,"LOS ANGELES",GARDENA,-118.30081005,33.883790019999999
8477209,2017,2017-10-24,1944,2017-09-26,1924,224,2M72,2,5,4,1944,0,0,0,,0,004,"ROSECRANS AV","MANHATTAN GATEWAY",0.00,,Y,A,-,N,,,,,,,,,,N,4,0,1,2,D,-,00,,,N,G,B,B,A,H,-,C,A,0,Y,,,,Y,,-,"- ",0,0,1,0,1,0,0,0,0,"- ","- ",,,"LOS ANGELES","MANHATTAN BEACH",-118.41883013,33.900650059999997
8477213,2017,2017-10-24,1944,2017-09-29,1553,224,2M72,5,5,4,1944,0,0,0,,0,003,"HIGHLAND AV","12TH ST",0.00,,Y,A,-,N,,,,,,,,,,N,4,0,1,2,A,-,10,21950,A,N,G,B,B,A,H,-,A,A,0,Y,,,,Y,,A,07,0,0,1,0,1,0,0,0,0,"- ","- ",,,"LOS ANGELES","MANHATTAN BEACH",-118.41009006,33.885770090000001
8477221,2017,2017-10-24,1928,2017-09-28,1529,313,519,4,5,5,1928,0,0,0,,0,503,"CERISE AV","135TH ST",0.00,,Y,A,-,N,,,,,,,,,,N,4,0,1,3,D,-,00,,,N,G,B,B,A,H,-,A,D,0,Y,,,,Y,,-,"- ",0,0,1,0,1,0,0,0,0,"- ","- ",,,"LOS ANGELES",HAWTHORNE,-118.33302008,33.909190109999997
8477252,2017,2017-10-24,1924,2017-06-02,2102,115299,G23,5,5,5,1924,0,0,0,,0,0G3,"WESTERN AV","147TH ST",0.00,,Y,A,-,N,,,,,,,,,,N,3,0,1,2,A,-,10,21950,A,N,G,B,D,A,H,-,C,D,0,Y,,,,Y,,A,01,0,1,0,0,1,0,0,0,0,"- ","- ",33.8977,-118.30915,"LOS ANGELES",GARDENA,-118.30916000000001,33.897890089999997
8477253,2017,2017-10-24,1965,2017-10-09,0730,3693,0B3B,1,5,5,1965,0,0,0,,0,B003,"15TH ST","SANTA MONICA BL",0.00,,Y,A,-,N,,,,,,,,,,N,2,0,1,2,A,-,10,21950,A,N,G,B,B,A,H,-,A,A,0,Y,,,,Y,,A,07,1,0,0,0,1,0,0,0,0,"- ","- ",,,"LOS ANGELES","SANTA MONICA",-118.48476013,34.024850020000002
8477304,2017,2017-10-24,1900,2017-10-04,0720,272541,2224,3,5,3,1994,0,0,0,,0,222T1,"ROADSIDE DR","KANAN RD",15.00,E,N,A,-,N,,,,,,,,,,N,4,0,1,2,A,-,03,22350,,N,G,B,B,A,H,-,A,A,0,Y,,,,Y,,A,07,0,0,1,0,1,0,0,0,0,"- ","- ",,,"LOS ANGELES","AGOURA HILLS",-118.76144050000001,34.145119999999999
8477362,2017,2017-10-24,1942,2017-09-18,1050,37952,0443,1,5,7,1942,0,0,0,D,0,44A15,"MARENGO ST","STATE ST",20.00,W,N,A,-,N,,,,,,,,,,N,4,0,1,2,A,-,21,22106,,F,G,B,F,A,H,-,A,D,0,Y,,,,Y,,-,99,0,0,1,0,1,0,0,0,0,"- ","- ",,,"LOS ANGELES","LOS ANGELES",-118.21025833,34.05786552
8477366,2017,2017-11-13,1942,2017-09-30,1710,39062,0478,6,5,7,1942,0,0,0,D,0,4A97,"WHITTIER BL","SOUTH LORENA ST",0.00,,Y,A,-,N,,,,,,,,,,N,4,0,1,2,A,-,10,21950,A,F,G,B,B,A,H,-,A,A,0,Y,,,,Y,,-,"- ",0,0,1,0,1,0,0,0,0,"- ","- ",,,"LOS ANGELES","LOS ANGELES",-118.20099005,34.027790070000002
8477367,2017,2018-03-16,1942,2017-10-05,1940,35024,1345,4,5,7,1942,0,0,0,M,0,13A43,"EAST 34TH ST","SOUTH CENTRAL AV",0.00,,Y,A,-,N,,,,,,,,,,N,3,0,1,3,A,-,12,21453,A,F,G,B,B,A,H,-,C,A,0,Y,,,,Y,,-,99,0,1,0,0,1,0,0,0,0,"- ","- ",,,"LOS ANGELES","LOS ANGELES",-118.25652009,34.012790070000001
8477382,2017,2017-10-24,1942,2017-09-27,1925,40440,1266,3,5,7,1942,0,0,0,L,0,25TL24,BROADWAY,"79TH ST",30.00,N,N,A,-,N,,,,,,,,,,Y,3,0,1,2,A,-,11,21954,A,N,G,B,D,A,H,-,C,D,0,Y,,,,Y,,N,60,0,1,0,0,1,0,0,0,0,"- ","- ",,,"LOS ANGELES","LOS ANGELES",-118.278302,33.967959999999998
8477383,2017,2018-06-13,1942,2017-10-13,0625,42630,1862,5,5,7,1942,0,0,0,R,0,5A1,"IMPERIAL HWY",FIGUEROA,7.00,E,N,A,-,N,,,,,,,,,,N,2,0,1,2,A,-,10,21950,A,N,B,B,B,A,H,-,B,A,0,Y,,,,Y,,A,07,1,0,0,0,1,0,0,0,0,"- ","- ",,,"LOS ANGELES","LOS ANGELES",-118.28257696999999,33.930999999999997
8477390,2017,2017-10-24,1942,2017-09-14,1718,37865,1251,4,5,7,1942,0,0,0,L,0,12X52,"WEST FLORENCE AV","SOUTH VICTORIA AV",2.00,W,N,A,-,N,,,,,,,,,,Y,3,0,2,2,A,-,11,21954,A,N,A,B,D,A,G,-,A,D,0,Y,,,,Y,,N,60,0,2,0,0,1,0,0,0,0,"- ","- ",,,"LOS ANGELES","LOS ANGELES",-118.33299658,33.974519880000003
8477394,2017,2017-10-24,1942,2017-09-16,1605,42296,1257,6,5,7,1942,0,0,0,L,0,12A45W,"WEST 77TH ST","SOUTH FIGUEROA ST",200.00,W,N,A,-,N,,,,,,,,,,N,3,0,1,2,A,-,11,21954,A,N,G,B,D,A,H,-,A,D,0,Y,,,,Y,,N,60,0,1,0,0,1,0,0,0,0,"- ","- ",,,"LOS ANGELES","LOS ANGELES",-118.28337818,33.969788180000002
8477397,2017,2017-10-24,1942,2017-08-23,2140,39745,0269,3,5,7,1942,0,0,0,B,0,24T33,"7TH ST","COLUMBIA AV",9.00,W,N,A,-,N,,,,,,,,,,N,2,0,2,3,A,-,10,21950,A,N,G,B,B,A,H,-,E,D,0,Y,,,,Y,,A,01,1,0,1,0,2,0,0,0,0,"- ","- ",,,"LOS ANGELES","LOS ANGELES",-118.26858611999999,34.052751690000001
8477399,2017,2017-11-08,1942,2017-10-09,0520,42180,0138,1,5,7,1942,0,0,0,A,0,1A61,"3RD ST","CENTRAL AV",25.00,E,N,A,-,N,,,,,,,,,,N,3,0,1,2,A,-,11,21955,,F,G,B,C,A,H,-,C,D,0,Y,,,,Y,Y,-,"- ",0,1,0,0,1,0,0,0,0,"- ","- ",,,"LOS ANGELES","LOS ANGELES",-118.23947502999999,34.046061600000002
8477405,2017,2017-10-25,1942,2017-08-21,0800,39010,0201,1,5,7,1942,0,0,0,B,0,24TL28,"LOCKWOOD AV","VERMONT AV",26.00,E,N,A,-,N,,,,,,,,,,N,4,0,1,2,A,-,10,21950,A,N,G,B,B,A,H,-,A,A,0,Y,,,,Y,,A,01,0,0,1,0,1,0,0,0,0,"- ","- ",,,"LOS ANGELES","LOS ANGELES",-118.2916543,34.088719310000002
8477407,2017,2017-10-26,1942,2017-10-01,1615,39395,0212,7,5,7,1942,0,0,0,B,0,2A1,"NORTH VERMONT AV","OAKWOOD AV",55.00,N,N,A,-,N,,,,,,,,,,N,2,0,1,2,A,-,11,21955,,N,G,B,D,A,H,-,A,A,0,Y,,,,Y,Y,N,60,1,0,0,0,1,0,0,0,0,"- ","- ",,,"LOS ANGELES","LOS ANGELES",-118.29170000000001,34.077900839999998
8477433,2017,2017-10-25,1942,2017-08-13,1310,37611,0211,7,5,7,1942,0,0,0,B,0,24TL26,"MELROSE AV","MARIPOSA AV",138.00,E,N,A,-,N,,,,,,,,,,N,4,0,1,2,A,-,11,21953,,N,G,B,D,A,H,-,A,D,0,Y,,,,Y,,N,60,0,0,1,0,1,0,0,0,0,"- ","- ",,,"LOS ANGELES","LOS ANGELES",-118.29881579000001,34.083570000000002
8477500,2017,2017-11-22,1906,2017-10-12,0738,4410,,4,5,5,1906,0,0,0,,0,002,"MAINE AV","LOS ANGELES ST",46.00,E,N,A,-,N,,,,,,,,,,Y,4,0,1,2,-,-,"- ",,,N,G,B,F,A,H,-,A,D,0,Y,,,,Y,,-,"- ",0,0,1,0,1,0,0,0,0,"- ","- ",,,"LOS ANGELES","BALDWIN PARK",-117.96048999999999,34.092300000000002
8477516,2017,2017-11-17,1900,2017-10-06,0530,600319,2832,5,5,5,1915,0,0,0,,0,282T1,"COMPTON BL","MAIE AV",0.00,,Y,A,-,N,,,,,,,,,,N,3,0,1,2,A,-,08,22107,,F,G,B,B,A,H,-,C,D,0,Y,,,,Y,,A,08,0,1,0,0,1,0,0,0,0,"- ","- ",,,"LOS ANGELES",COMPTON,-118.24414005,33.895870039999998
8477521,2017,2017-11-08,1900,2017-09-21,1929,600726,0466,4,5,4,1936,0,0,0,,0,46T1PM,"ALONDRA BL","STAGE RD",5.00,E,N,A,-,N,,,,,,,,,,N,3,0,1,2,A,-,10,21950,A,N,G,B,B,A,H,-,C,A,0,Y,,,,Y,Y,A,01,0,1,0,0,1,0,0,0,0,"- ","- ",,,"LOS ANGELES","LA MIRADA",-118.01193358,33.888180699999999
8477527,2017,2017-11-13,1900,2017-10-12,0855,520746,0455,4,5,6,1949,0,0,0,,0,43T1,"STUDEBAKER RD","BARNWALL ST",3.00,N,N,A,-,N,,,,,,,,,,N,3,0,1,2,A,-,10,21950,A,N,G,B,B,A,H,-,A,A,0,Y,,,,Y,,A,01,0,1,0,0,1,0,0,0,0,"- ","- ",,,"LOS ANGELES",NORWALK,-118.10001,33.891158230000002
8477629,2017,2017-10-31,1965,2017-10-13,1921,3950,0B4E,5,5,5,1965,0,0,0,,0,B004,"16TH ST","MONTANA AV",0.00,,Y,A,-,N,,,,,,,,,,N,4,0,1,2,A,-,10,21950,A,N,G,B,B,A,H,-,C,D,0,Y,,,,Y,,A,01,0,0,1,0,1,0,0,0,0,"- ","- ",37.024990000000003,-121.01633,"LOS ANGELES","SANTA MONICA",-118.49331005000001,34.033730069999997
8477688,2017,2017-10-30,1965,2017-10-02,1744,3455,0B3D,1,5,5,1965,0,0,0,,0,B003,"MICHIGAN AV","11TH ST",16.00,S,N,A,-,N,,,,,,,,,,N,4,0,1,2,A,-,10,21950,A,N,G,B,B,A,H,-,A,A,0,Y,,,,Y,,A,01,0,0,1,0,1,0,0,0,0,"- ","- ",37.007339999999999,-121.00485999999999,"LOS ANGELES","SANTA MONICA",-118.48198825,34.0160798
8477710,2017,2017-10-30,1942,2017-08-17,0730,31542,0415,4,5,7,1942,0,0,0,D,0,24TL22,"NORTH BROADWAY","GRIFFIN AV",0.00,,Y,A,-,N,,,,,,,,,,N,4,0,1,2,A,-,10,21950,A,F,D,B,B,A,H,-,A,A,0,Y,,,,Y,,-,99,0,0,1,0,1,0,0,0,0,"- ","- ",,,"LOS ANGELES","LOS ANGELES",-118.21173,34.073690020000001
8477941,2017,2017-11-01,1942,2017-09-13,1845,26355,1163,3,5,7,1942,0,0,0,K,0,11A42,"SANTA MONICA BL","EDGEMONT ST",4.00,E,N,A,-,N,,,,,,,,,,N,4,0,1,2,A,-,10,21950,A,N,G,B,B,A,H,-,A,A,0,Y,,,,Y,,A,01,0,0,1,0,1,0,0,0,0,"- ","- ",,,"LOS ANGELES","LOS ANGELES",-118.29606681,34.090850000000003
8477994,2017,2017-10-31,1969,2017-08-10,1435,10215,PATRO,4,5,5,1969,0,0,0,,0,004,"FIRESTONE BL","ALEXANDER AV",45.00,W,N,A,-,N,,,,,,,,,,N,4,0,1,2,C,-,18,,,N,H,B,E,A,H,-,A,A,0,Y,,,,Y,,-,"- ",0,0,1,0,1,0,0,0,0,"- ","- ",,,"LOS ANGELES","SOUTH GATE",-118.19323703000001,33.952924699999997
8478029,2017,2017-11-20,1942,2017-08-19,1130,32918,1494,6,5,7,1942,0,0,0,N,0,HFB85,"WORLD WAY SOUTH","WEST WY",150.00,E,N,A,-,N,,,,,,,,,,N,4,0,1,3,A,-,21,22106,,N,B,E,E,A,H,-,A,D,0,Y,,,,Y,,I,12,0,0,1,0,1,0,0,0,0,"- ","- ",,,"LOS ANGELES","LOS ANGELES",-118.40542112,33.942776070000001
8478047,2017,2017-11-02,1942,2017-09-14,1420,41316,1512,4,5,7,1942,0,0,0,O,0,15A21,"SHERMAN WY","BELLAIRE AV",200.00,W,N,A,-,N,,,,,,,,,,Y,4,0,2,3,A,-,08,22107,,N,B,C,F,B,H,-,A,D,0,Y,,,Y,Y,,G,27,0,0,2,0,1,0,0,0,0,"- ","- ",,,"LOS ANGELES","LOS ANGELES",-118.41009022,34.2012
8478051,2017,2017-11-07,1942,2017-09-20,1725,38887,1555,3,5,7,1942,0,0,0,O,0,15X36,"KLUMP AV","MAGNOLIA BL",5.00,S,N,A,-,N,,,,,,,,,,N,3,0,1,2,A,-,10,21950,A,N,G,B,B,A,H,-,A,A,0,Y,,,,Y,,D,22,0,1,0,0,1,0,0,0,0,"- ","- ",,,"LOS ANGELES","LOS ANGELES",-118.37575993,34.164916290000001
8478056,2017,2017-11-07,1942,2017-09-07,1310,36888,1521,4,5,7,1942,0,0,0,O,0,15A33,"LAUREL CANYON","BURBANK BL",0.00,,N,A,-,N,,,,,,,,,,N,3,0,1,2,A,-,10,21950,A,N,G,B,B,A,H,-,A,A,0,Y,,,,Y,,D,22,0,1,0,0,1,0,0,0,0,"- ","- ",,,"LOS ANGELES","LOS ANGELES",-118.39651012,34.172130080000002
8478137,2017,2018-01-18,1942,2017-09-15,0830,39817,1443,5,5,7,1942,0,0,0,N,0,1427,"WASHINGTON BL","DELL AV",0.00,,Y,A,-,N,,,,,,,,,,N,4,0,1,2,A,-,"- ",,,F,D,B,B,A,H,-,A,D,0,Y,,,,Y,,-,99,0,0,1,0,1,0,0,0,0,"- ","- ",,,"LOS ANGELES","LOS ANGELES",-118.46352013000001,33.981050009999997
8478141,2017,2017-11-27,1942,2017-09-27,1630,38272,1444,3,5,7,1942,0,0,0,N,0,14A27,"WASHINGTON BL","WALNUT AV",0.00,,Y,A,-,N,,,,,,,,,,N,4,0,1,2,A,-,10,21950,A,F,G,B,B,A,H,-,A,A,0,Y,,,,Y,,-,99,0,0,1,0,1,0,0,0,0,"- ","- ",,,"LOS ANGELES","LOS ANGELES",-118.44716011,33.990790009999998
8478234,2017,2017-12-04,1900,2017-10-21,0935,434049,0530,6,5,5,1959,0,0,0,,0,53T1AM,"GRAND AV","IVAR AV",0.00,,Y,A,-,N,,,,,,,,,,N,3,0,1,2,A,-,10,21950,A,N,G,B,E,A,H,-,A,D,0,Y,,,,Y,,N,60,0,1,0,0,1,0,0,0,0,"- ","- ",34.090350000000001,-118.07487,"LOS ANGELES",ROSEMEAD,-118.07492003999999,34.090850039999999
8478568,2017,2017-11-15,1942,2017-09-02,2315,42336,0312,6,5,7,1942,0,0,0,C,0,3A63,"ADAMS BL","LONGWOOD AV",0.00,,Y,A,-,N,,,,,,,,,,N,4,0,1,2,A,-,11,21955,,N,G,B,D,A,H,-,C,D,0,Y,,,,Y,,N,60,0,0,1,0,1,0,0,0,0,"- ","- ",,,"LOS ANGELES","LOS ANGELES",-118.34967001,34.032510019999997
8478723,2017,2017-11-13,1900,2017-07-27,0100,615102,1124,4,5,6,1992,0,0,0,,0,112T2,"AVE K-4","GADSDEN AV",5.00,W,N,A,-,N,,,,,,,,,,N,4,0,1,2,A,-,08,22100,A,N,C,B,D,A,H,-,C,A,0,Y,,,,Y,,-,99,0,0,1,0,1,0,0,0,0,"- ","- ",,,"LOS ANGELES",LANCASTER,-118.14345659,34.671219749999999
8478744,2017,2017-11-14,1905,2017-09-18,1919,2019,421,1,5,4,1905,0,0,0,,0,062,"EAST FOOTHILL BL","AZUSA AV",30.00,E,N,A,-,N,,,,,,,,,,N,4,0,1,2,D,-,00,,,M,B,B,E,A,H,-,B,A,0,Y,,,,Y,,-,"- ",0,0,1,0,1,0,0,0,0,"- ","- ",34.13335,-117.90752000000001,"LOS ANGELES",AZUSA,-117.90744110999999,34.13360153
8478768,2017,2017-11-14,1925,2017-09-23,1253,20871,280,6,5,6,1925,0,0,0,,0,003,"CHEVY CHASE DR","BOYNTON ST",13.00,E,N,A,-,N,,,,,,,,,,N,3,0,1,2,A,-,10,21950,A,N,G,B,B,A,H,-,A,A,0,Y,,,,Y,,A,01,0,1,0,0,1,0,0,0,0,"- ","- ",,,"LOS ANGELES",GLENDALE,-118.24903713,34.133670420000001
8478776,2017,2017-11-14,1925,2017-09-30,1643,25923,131,6,5,6,1925,0,0,0,,0,005,"HONOLULU AV","WICKHAM WY",3.00,W,N,A,-,N,,,,,,,,,,N,4,0,1,2,A,-,11,21954,A,N,G,B,D,A,H,-,A,A,0,Y,,,,Y,Y,N,60,0,0,1,0,1,0,0,0,0,"- ","- ",,,"LOS ANGELES",GLENDALE,-118.23047848,34.206354240000003
8478842,2017,2017-11-07,1942,2017-09-20,1840,42199,1804,3,5,7,1942,0,0,0,R,0,18A26,"MANCHESTER AV","MCKINLEY AV",50.00,W,N,A,-,N,,,,,,,,,,N,3,0,1,2,A,-,11,21955,,N,A,B,D,A,H,-,B,D,0,Y,,,,Y,,N,60,0,1,0,0,1,0,0,0,0,"- ","- ",,,"LOS ANGELES","LOS ANGELES",-118.26097455999999,33.960140000000003
8478994,2017,2017-11-08,1942,2017-10-05,0705,36257,1623,4,5,7,1942,0,0,0,P,0,16A23,"VAN NUYS BL","GLENOAKS BL",12.00,W,N,A,-,N,,,,,,,,,,N,4,0,1,2,D,-,00,,,N,G,B,B,A,H,-,A,A,0,Y,,,,Y,,-,"- ",0,0,1,0,1,0,0,0,0,"- ","- ",,,"LOS ANGELES","LOS ANGELES",-118.4117202,34.27366868
8479091,2017,2017-10-31,1942,2017-09-06,2100,42812,0473,3,5,7,1942,0,0,0,D,0,4A3,"WHITTIER BL","BREED ST",0.00,,Y,A,-,N,,,,,,,,,,N,3,0,1,2,A,-,11,21954,A,N,G,B,D,A,H,-,E,D,0,Y,,,,Y,,A,01,0,1,0,0,1,0,0,0,0,"- ","- ",,,"LOS ANGELES","LOS ANGELES",-118.21691008000001,34.034910060000001
8479104,2017,2017-10-31,1942,2017-09-18,1850,41497,1658,1,5,7,1942,0,0,0,P,0,16A59,"TUJUNGA CANYON BL","HAINES CANYON AV",0.00,,Y,A,-,N,,,,,,,,,,N,3,0,1,2,A,-,10,21950,A,N,G,B,B,A,H,-,B,A,0,Y,,,,Y,,A,01,0,1,0,0,1,0,0,0,0,"- ","- ",,,"LOS ANGELES","LOS ANGELES",-118.27942007999999,34.249700099999998
8479108,2017,2017-10-31,1942,2017-09-18,0720,39473,1602,1,5,7,1942,0,0,0,P,0,16A23,"VAN NUYS BL","BORDEN AV",0.00,,Y,A,-,N,,,,,,,,,,N,4,0,1,2,A,-,10,21950,A,N,G,B,B,A,H,-,A,A,0,Y,,,,Y,,A,08,0,0,1,0,1,0,0,0,0,"- ","- ",,,"LOS ANGELES","LOS ANGELES",-118.40842001999999,34.276080100000001
8479116,2017,2017-10-31,1942,2017-09-12,0720,33700,1681,2,5,7,1942,0,0,0,P,0,16A81,"ARLETA AV","WICKS ST",21.00,N,N,A,-,N,,,,,,,,,,N,4,0,1,3,A,-,21,22106,,N,G,B,B,A,H,-,A,A,0,Y,,,,Y,,A,01,0,0,1,0,1,0,0,0,0,"- ","- ",,,"LOS ANGELES","LOS ANGELES",-118.40718115999999,34.224218880000002
8479141,2017,2017-11-01,1942,2017-09-26,0740,39217,1612,2,5,7,1942,0,0,0,P,0,16A11,"HERRICK AV","FILMORE ST",0.00,,Y,A,-,N,,,,,,,,,,N,4,0,1,2,A,-,10,21950,A,N,G,-,B,A,H,-,A,A,0,Y,,,,Y,,A,07,0,0,1,0,1,0,0,0,0,"- ","- ",,,"LOS ANGELES","LOS ANGELES",-118.41814007000001,34.274250080000002
8479169,2017,2017-11-01,1942,2017-09-08,1045,42900,1612,5,5,7,1942,0,0,0,P,0,16A11,"PAXTON ST",BRADLEY,3.00,E,N,A,-,N,,,,,,,,,,N,2,0,1,2,A,-,12,21453,A,N,G,B,B,A,H,-,A,A,0,Y,,,,Y,,N,60,1,0,0,0,1,0,0,0,0,"- ","- ",,,"LOS ANGELES","LOS ANGELES",-118.42457254,34.274865419999998
8479181,2017,2017-11-01,1942,2017-09-29,1315,42939,1675,5,5,7,1942,0,0,0,P,0,16A81,"VINEDALE ST","GLENOAKS BL",0.00,,Y,A,-,N,,,,,,,,,,N,2,0,1,2,D,-,00,,,N,G,B,B,A,H,-,A,A,0,Y,,,,Y,,-,"- ",1,0,0,0,1,0,0,0,0,"- ","- ",,,"LOS ANGELES","LOS ANGELES",-118.36527,34.228660079999997
8479227,2017,2017-10-27,1942,2017-10-02,1750,42658,2036,1,5,7,1942,0,0,0,,0,20A16,"8TH ST","CATALINA ST",0.00,,Y,A,-,N,,,,,,,,,,N,3,0,1,4,A,-,11,21106,B,N,G,B,B,A,H,-,A,D,0,Y,,,,Y,,N,60,0,1,0,0,1,0,0,0,0,"- ","- ",,,"LOS ANGELES","LOS ANGELES",-118.29539009,34.057740109999997
8479605,2017,2018-01-22,1942,2017-09-18,2020,42696,1862,1,5,7,1942,0,0,0,R,0,18A1,"W 117TH ST","S FIGUEROA ST",0.00,,Y,A,-,N,,,,,,,,,,N,4,0,1,2,A,-,10,21950,A,N,G,B,B,A,H,-,C,A,0,Y,,,,Y,,A,08,0,0,1,0,1,0,0,0,0,"- ","- ",,,"LOS ANGELES","LOS ANGELES",-118.28261000000001,33.927350029999999
8479610,2017,2017-11-01,1942,2017-10-13,0607,41747,1253,5,5,7,1942,0,0,0,L,0,12A53,"W FLORENCE AV","S WESTERN AV",50.00,W,N,A,-,N,,,,,,,,,,N,2,0,1,2,A,-,11,21955,,N,A,B,D,A,H,-,C,A,0,Y,,,,Y,,N,60,1,0,0,0,1,0,0,0,0,"- ","- ",,,"LOS ANGELES","LOS ANGELES",-118.3091446,33.97457
8479637,2017,2017-11-29,1942,2017-09-28,1040,42867,1801,4,5,7,1942,0,0,0,R,0,18A63,"120TH ST","AVALON BL",0.00,,Y,A,-,N,,,,,,,,,,N,3,0,1,2,A,-,10,21950,A,F,G,B,B,A,H,-,A,A,0,Y,,,,Y,,-,99,0,1,0,0,1,0,0,0,0,"- ","- ",,,"LOS ANGELES","LOS ANGELES",-118.26524003999999,33.923710110000002