CASE_ID,ACCIDENT_YEAR,PROC_DATE,JURIS,COLLISION_DATE,COLLISION_TIME,OFFICER_ID,REPORTING_DISTRICT,DAY_OF_WEEK,CHP_SHIFT,POPULATION,CNTY_CITY_LOC,SPECIAL_COND,BEAT_TYPE,CHP_BEAT_TYPE,CITY_DIVISION_LAPD,CHP_BEAT_CLASS,BEAT_NUMBER,PRIMARY_RD,SECONDARY_RD,DISTANCE,DIRECTION,INTERSECTION,WEATHER_1,WEATHER_2,STATE_HWY_IND,CALTRANS_COUNTY,CALTRANS_DISTRICT,STATE_ROUTE,ROUTE_SUFFIX,POSTMILE_PREFIX,POSTMILE,LOCATION_TYPE,RAMP_INTERSECTION,SIDE_OF_HWY,TOW_AWAY,COLLISION_SEVERITY,NUMBER_KILLED,NUMBER_INJURED,PARTY_COUNT,PRIMARY_COLL_FACTOR,PCF_CODE_OF_VIOL,PCF_VIOL_CATEGORY,PCF_VIOLATION,PCF_VIOL_SUBSECTION,HIT_AND_RUN,TYPE_OF_COLLISION,MVIW,PED_ACTION,ROAD_SURFACE,ROAD_COND_1,ROAD_COND_2,LIGHTING,CONTROL_DEVICE,CHP_ROAD_TYPE,PEDESTRIAN_ACCIDENT,BICYCLE_ACCIDENT,MOTORCYCLE_ACCIDENT,TRUCK_ACCIDENT,NOT_PRIVATE_PROPERTY,ALCOHOL_INVOLVED,STWD_VEHTYPE_AT_FAULT,CHP_VEHTYPE_AT_FAULT,COUNT_SEVERE_INJ,COUNT_VISIBLE_INJ,COUNT_COMPLAINT_PAIN,COUNT_PED_KILLED,COUNT_PED_INJURED,COUNT_BICYCLIST_KILLED,COUNT_BICYCLIST_INJURED,COUNT_MC_KILLED,COUNT_MC_INJURED,PRIMARY_RAMP,SECONDARY_RAMP,LATITUDE,LONGITUDE,COUNTY,CITY,POINT_X,POINT_Y
8510209,2017,2017-12-14,1942,2017-11-06,1445,40099,0192,1,5,7,1942,0,0,0,A,0,1A61,"S GRAND AV","17TH ST",7.00,N,N,A,-,N,,,,,,,,,,N,3,0,1,2,A,-,10,21950,A,N,G,B,B,A,H,-,A,A,0,Y,,,,Y,,A,01,0,1,0,0,1,0,0,0,0,"- ","- ",,,"LOS ANGELES","LOS ANGELES",-118.29021926,33.728799189999997
8510214,2017,2017-12-18,1900,2017-11-16,1845,270471,1412,4,5,1,1932,0,0,0,,0,141T6,"TEMPLE AV","BALDWIN PARK BL",580.00,E,N,A,-,N,,,,,,,,,,N,4,0,1,2,A,-,00,21956,B,N,G,B,E,A,H,-,D,D,0,Y,,,,Y,,N,60,0,0,1,0,1,0,0,0,0,"- ","- ",34.056370000000001,-117.99051,"LOS ANGELES",INDUSTRY,-117.99025570000001,34.05622048
8510217,2017,2017-12-14,1942,2017-11-06,2300,42312,0138,1,5,7,1942,0,0,0,A,0,1A12,"4TH ST","SAN PEDRO",20.00,E,N,A,-,N,,,,,,,,,,N,4,0,1,2,A,-,11,21956,A,F,G,B,E,A,H,-,C,A,0,Y,,,,Y,,N,60,0,0,1,0,1,0,0,0,0,"- ","- ",,,"LOS ANGELES","LOS ANGELES",-118.2429444,34.045820569999997
8510220,2017,2018-01-02,1942,2017-12-01,1850,40383,0985,5,5,7,1942,0,0,0,I,0,15T45,"COLBATH AV","VALLEYHEART DR",405.00,S,N,A,-,N,,,,,,,,,,N,4,0,1,2,A,-,08,22107,,F,G,B,E,A,H,-,C,D,0,Y,,,,Y,,-,99,0,0,1,0,1,0,0,0,0,"- ","- ",,,"LOS ANGELES","LOS ANGELES",-118.43657594,34.153779129999997
8510233,2017,2017-12-14,1942,2017-11-10,1735,40275,0171,5,5,7,1942,0,0,0,A,0,1A61,"LA LIVE WY","OLYMPIC BL",5.00,S,N,A,-,N,,,,,,,,,,N,4,0,1,2,A,-,10,21950,A,N,G,B,B,A,H,-,C,A,0,Y,,,,Y,,A,01,0,0,1,0,1,0,0,0,0,"- ","- ",,,"LOS ANGELES","LOS ANGELES",-118.26827292,34.046491490000001
8510237,2017,2017-12-14,1942,2017-11-09,0830,37952,0152,4,5,7,1942,0,0,0,A,0,1A41,"HILL ST",6TH,5.00,N,N,A,-,N,,,,,,,,,,N,3,0,1,2,A,-,10,21950,A,N,G,B,B,A,H,-,A,A,0,Y,,,,Y,,A,01,0,1,0,0,1,0,0,0,0,"- ","- ",,,"LOS ANGELES","LOS ANGELES",-118.25309009999999,34.047350960000003
8510333,2017,2017-12-14,1942,2017-10-26,1725,40099,0415,4,5,7,1942,0,0,0,D,0,4A15,"E AVENUE 26","WORKMAN ST",0.00,E,N,A,-,N,,,,,,,,,,N,3,0,1,2,A,-,10,21950,A,N,G,B,B,A,H,-,A,A,0,Y,,,,Y,,A,01,0,1,0,0,1,0,0,0,0,"- ","- ",,,"LOS ANGELES","LOS ANGELES",-118.21444002,34.076510040000002
8510381,2017,2018-01-17,1942,2017-10-08,0225,42380,0645,7,5,7,1942,0,0,0,F,0,6A67W3,"HOLLYWOOD BL","ORANGE DR",0.00,,N,B,-,N,,,,,,,,,,N,2,0,1,2,A,-,12,21453,A,N,A,B,B,A,H,-,C,A,0,Y,,,,Y,Y,A,01,1,0,0,0,1,0,0,0,0,"- ","- ",,,"LOS ANGELES","LOS ANGELES",-118.34172011,34.101540110000002
8510397,2017,2017-12-14,1942,2017-10-29,1850,42608,0834,7,5,7,1942,0,0,0,H,0,8A36W7,"MANNING AV","EASTBORNE AV",0.00,,Y,A,-,N,,,,,,,,,,N,4,0,1,2,A,-,10,21950,A,N,G,B,B,A,H,-,C,D,0,Y,,,,Y,,A,01,0,0,1,0,1,0,0,0,0,"- ","- ",,,"LOS ANGELES","LOS ANGELES",-118.4321901,34.053270040000001
8510503,2017,2017-12-20,1942,2017-11-27,0720,42576,1591,1,5,7,1942,0,0,0,O,0,1567,"VENTURA BL","GOODLAND AV",0.00,,Y,B,-,N,,,,,,,,,,N,3,0,1,3,A,-,11,21954,A,N,G,B,D,B,H,-,A,D,0,Y,,,,Y,Y,N,60,0,1,0,0,1,0,0,0,0,"- ","- ",,,"LOS ANGELES","LOS ANGELES",-118.41154007,34.144760009999999
8510519,2017,2017-12-20,1953,2017-11-21,1504,8091,PASAD,2,5,6,1953,0,0,0,,0,003,"PARKWOOD AV","WALNUT ST",15.00,S,N,A,-,N,,,,,,,,,,N,3,0,1,2,A,-,21,22106,,N,B,B,F,A,H,-,A,D,0,Y,,,,Y,,A,01,0,1,0,0,1,0,0,0,0,"- ","- ",,,"LOS ANGELES",PASADENA,-118.11187965000001,34.149508869999998
8510530,2017,2018-01-26,1942,2017-09-24,1700,39755,1521,7,5,7,1942,0,0,0,O,0,15A44,"FULTON AV","HART ST",500.00,S,N,-,-,N,,,,,,,,,,N,3,0,1,2,A,-,11,21954,A,N,D,B,E,A,H,-,-,D,0,Y,,,,Y,,N,60,0,1,0,0,1,0,0,0,0,"- ","- ",,,"LOS ANGELES","LOS ANGELES",-118.42251615000001,34.196198580000001
8510719,2017,2017-12-19,1942,2017-10-02,0530,41803,1102,1,5,7,1942,0,0,0,K,0,LOSANG,"CHEVY CHASE","BRUNSWICK AV",0.00,,Y,A,-,N,,,,,,,,,,N,4,0,1,2,A,-,10,21950,A,N,G,B,B,A,H,-,C,A,0,Y,,,,Y,,D,22,0,0,1,0,1,0,0,0,0,"- ","- ",,,"LOS ANGELES","LOS ANGELES",-118.26903013,34.133400080000001
8511016,2017,2017-12-26,1925,2017-11-29,1452,17837,167,3,5,6,1925,0,0,0,,0,001,"BRAND BL","DRYDEN ST",0.00,,Y,A,-,N,,,,,,,,,,N,4,0,1,2,A,-,10,21950,A,N,G,-,B,A,H,-,A,A,0,Y,,,,Y,,A,01,0,0,1,0,1,0,0,0,0,"- ","- ",,,"LOS ANGELES",GLENDALE,-118.25506009999999,34.16145006
8511121,2017,2017-12-20,1953,2017-11-23,1454,2367,1953,4,5,6,1953,0,0,0,,0,005,"ARROYO PKWY","COLORADO BL",0.00,,Y,A,-,N,,,,,,,,,,N,3,0,1,2,A,-,10,21950,A,N,G,B,B,A,H,-,A,A,0,Y,,,,Y,,A,01,0,1,0,0,1,0,0,0,0,"- ","- ",,,"LOS ANGELES",PASADENA,-118.14753001,34.145800059999999
8511143,2017,2017-12-22,1925,2017-12-06,0806,16900,231,3,5,6,1925,0,0,0,,0,004,"KENWOOD ST","LEXINGTON AV",0.00,,Y,A,-,N,,,,,,,,,,N,4,0,1,2,A,-,10,21950,A,N,G,B,B,A,H,-,A,D,0,Y,,,,Y,,A,01,0,0,1,0,1,0,0,0,0,"- ","- ",,,"LOS ANGELES",GLENDALE,-118.25141001,34.1517701
8511173,2017,2017-12-20,1953,2017-11-14,1120,5651,1953,2,5,6,1953,0,0,0,,0,001,"DEL MAR BL","OAK KNOLL AV",0.00,,Y,A,-,N,,,,,,,,,,N,3,0,1,2,A,-,10,21950,A,N,G,B,B,A,H,-,A,A,0,Y,,,,Y,,A,08,0,1,0,0,1,0,0,0,0,"- ","- ",,,"LOS ANGELES",PASADENA,-118.13518009000001,34.14040001
8511175,2017,2017-12-22,1925,2017-12-06,1945,23218,254,3,5,6,1925,0,0,0,,0,003,"LOMITA AV","GLENDALE AV",0.00,,Y,A,-,N,,,,,,,,,,N,4,0,1,2,C,-,18,,,M,G,B,D,A,H,-,C,D,0,Y,,,,Y,,-,"- ",0,0,1,0,1,0,0,0,0,"- ","- ",,,"LOS ANGELES",GLENDALE,-118.2501101,34.140870040000003
8511177,2017,2017-12-20,1953,2017-11-14,1014,3367,1953,2,5,6,1953,0,0,0,,0,004,"COLORADO BL","SUNNYSLOPE AV",0.00,,Y,A,-,N,,,,,,,,,,N,3,0,1,2,A,-,11,21950,B,N,-,B,-,A,H,-,A,A,0,Y,,,,Y,,N,60,0,1,0,0,1,0,0,0,0,"- ","- ",,,"LOS ANGELES",PASADENA,-118.09049005999999,34.146180059999999
8511187,2017,2017-12-22,1925,2017-12-05,1146,21057,242,2,5,6,1925,0,0,0,,0,003,"COLORADO ST","FISCHER ST",0.00,,Y,A,-,N,,,,,,,,,,N,3,0,1,2,A,-,06,21951,,M,G,B,B,A,H,-,A,A,0,Y,,,,Y,,-,99,0,1,0,0,1,0,0,0,0,"- ","- ",,,"LOS ANGELES",GLENDALE,-118.23614006,34.14271007
8511364,2017,2018-01-09,1900,2017-10-29,1420,551026,1361,7,5,5,1952,0,0,0,,0,136,"GARFIELD AV","HOWERY ST",54.00,S,N,A,-,N,,,,,,,,,,N,3,0,1,2,A,-,10,21954,B,N,B,B,E,A,H,-,A,A,0,Y,,,,Y,,N,60,0,1,0,0,0,0,0,0,0,"- ","- ",,,"LOS ANGELES",PARAMOUNT,-118.16893,33.912141920000003
8511382,2017,2018-01-05,1942,2017-12-06,1317,38503,0351,3,5,7,1942,0,0,0,C,0,25T22,"MARTIN LUTHER KING BL","RODEO RD",3.00,E,N,A,-,N,,,,,,,,,,N,2,0,1,2,A,-,11,21954,A,N,D,B,C,A,H,-,A,A,0,Y,,,,Y,,H,13,1,0,0,0,1,0,0,0,0,"- ","- ",,,"LOS ANGELES","LOS ANGELES",-118.35238237,34.021504780000001
8511384,2017,2018-01-09,1900,2017-10-26,1518,547820,1365,4,5,5,1952,0,0,0,,0,136T1,"ROSECRANS AV","ANDERSON ST",0.00,,Y,A,-,N,,,,,,,,,,N,4,0,1,2,A,-,00,21212,A,N,A,B,B,A,H,-,A,A,0,Y,,,,Y,,N,60,0,0,1,0,1,0,0,0,0,"- ","- ",,,"LOS ANGELES",PARAMOUNT,-118.15584002999999,33.903770100000003
8511398,2017,2018-01-04,1942,2017-11-23,1850,41977,0393,4,5,7,1942,0,0,0,C,0,25T27,"LEIMERT BL","MARTIN LUTHER KING BL",38.00,N,N,A,-,N,,,,,,,,,,N,3,0,1,2,A,-,11,21954,A,N,G,B,E,A,H,-,C,A,0,Y,,,,Y,Y,N,60,0,1,0,0,1,0,0,0,0,"- ","- ",,,"LOS ANGELES","LOS ANGELES",-118.32288081,34.010691780000002
8511525,2017,2017-12-22,1900,2017-10-23,2003,517137,0972,1,5,4,1979,0,0,0,,0,91T1,"BEVERLY BL","ALMONT DR",17.00,W,N,A,-,N,,,,,,,,,,N,4,0,1,2,A,-,03,22350,,N,A,B,B,A,H,-,C,D,0,Y,,,,Y,,A,01,0,0,1,0,1,0,0,0,0,"- ","- ",,,"LOS ANGELES","WEST HOLLYWOOD",-118.38779604,34.077190000000002
8511529,2017,2017-12-22,1900,2017-10-25,1238,443069,0973,3,5,4,1979,0,0,0,,0,92T1,"SANTA MONICA BL","MARTEL AV",101.00,E,N,A,-,N,,,,,,,,,,N,4,0,1,2,B,-,22,,,M,D,-,F,A,H,-,A,D,0,Y,Y,,,Y,,L,04,0,0,1,0,1,0,0,0,0,"- ","- ",,,"LOS ANGELES","WEST HOLLYWOOD",-118.35077704,34.090769999999999
8511608,2017,2018-02-21,1942,2017-11-19,2300,42728,0326,7,5,7,1942,0,0,0,C,0,1A85,"WESTERN AV","ADAMS BL",30.00,S,N,A,-,N,,,,,,,,,,N,3,0,1,2,A,-,21,22106,,N,G,B,E,A,H,-,C,D,0,Y,,,,Y,,A,01,0,1,0,0,1,0,0,0,0,"- ","- ",,,"LOS ANGELES","LOS ANGELES",-118.30897836,34.032617729999998
8511615,2017,2017-12-21,1942,2017-11-21,2212,42241,0363,2,5,7,1942,0,0,0,C,0,3A15,"MLK BL",BUCKINGHAM,100.00,E,N,A,-,N,,,,,,,,,,N,2,0,1,2,A,-,11,21954,A,N,-,B,D,A,H,-,C,A,0,Y,,,,Y,,N,60,1,0,0,0,1,0,0,0,0,"- ","- ",,,"LOS ANGELES","LOS ANGELES",-118.34153485,34.014599140000001
8511616,2017,2017-12-20,1942,2017-11-30,1410,40053,0333,4,5,7,1942,0,0,0,C,0,25TL22,"CRENSHAW BL","28TH ST",140.00,S,N,A,-,N,,,,,,,,,,N,3,0,1,2,A,-,11,21954,A,N,G,B,D,A,H,-,A,A,0,Y,,,,Y,,N,60,0,1,0,0,1,0,0,0,0,"- ","- ",,,"LOS ANGELES","LOS ANGELES",-118.335122,34.030737999999999
8511636,2017,2017-12-20,1942,2017-11-22,1730,33068,517,3,5,7,1942,0,0,0,,0,5A24,"PACIFIC COAST HWY","WATSON AV",5.00,E,N,A,-,N,,,,,,,,,,N,4,0,1,2,A,-,10,21950,A,N,G,B,B,A,H,-,C,A,0,Y,,,,Y,,A,01,0,0,1,0,1,0,0,0,0,"- ","- ",,,"LOS ANGELES","LOS ANGELES",-118.24810359999999,33.790930660000001
8511643,2017,2017-12-21,1942,2017-11-23,1401,31659,522,4,5,7,1942,0,0,0,,0,5A25,"ANAHEIM ST","BAYVIEW AV",0.00,,Y,A,-,N,,,,,,,,,,N,3,0,1,2,A,-,21,22106,,N,G,B,D,A,H,-,A,D,0,Y,,,,Y,,-,,0,1,0,0,1,0,0,0,0,"- ","- ",,,"LOS ANGELES","LOS ANGELES",-118.27028004,33.779550069999999
8511650,2017,2017-12-21,1942,2017-11-14,1800,42267,0396,2,5,7,1942,0,0,0,C,0,3X72,"HOOVER ST","42ND PL",30.00,N,N,A,-,N,,,,,,,,,,N,4,0,1,2,A,-,11,21954,A,F,G,B,D,A,H,-,C,A,0,Y,,,,Y,,N,60,0,0,1,0,1,0,0,0,0,"- ","- ",,,"LOS ANGELES","LOS ANGELES",-118.28722249,34.006482249999998
8511662,2017,2017-12-21,1942,2017-11-30,1815,42929,0932,4,5,7,1942,0,0,0,I,0,3A32,"VERNON AV","ARLINGTON AV",0.00,,Y,A,-,N,,,,,,,,,,N,3,0,1,2,A,-,10,21950,A,N,G,B,B,A,H,-,C,A,0,Y,,,,Y,Y,A,01,0,1,0,0,1,0,0,0,0,"- ","- ",,,"LOS ANGELES","LOS ANGELES",-118.31822006,34.003700049999999
8511686,2017,2017-12-27,1900,2017-11-16,2050,606987,1324,4,5,5,1935,0,0,0,,0,132T2,"PIONEER BL","CENTRALIA ST",0.00,,Y,A,-,N,,,,,,,,,,N,4,0,1,2,A,-,10,21950,A,N,G,B,B,A,H,-,C,A,0,Y,,,,Y,,A,08,0,0,1,0,1,0,0,0,0,"- ","- ",,,"LOS ANGELES",LAKEWOOD,-118.08197008,33.838710089999999
8511719,2017,2017-12-27,1942,2017-12-09,1255,43065,0399,6,5,7,1942,0,0,0,C,0,3A19,"W VERNON AV","S FIGUEROA ST",100.00,E,N,A,-,N,,,,,,,,,,N,2,0,1,2,A,-,11,21955,,N,G,B,D,A,H,-,A,A,0,Y,,,,Y,,A,01,1,0,0,0,1,0,0,0,0,"- ","- ",,,"LOS ANGELES","LOS ANGELES",-118.28241075,34.003754569999998
8511721,2017,2017-12-21,1900,2017-11-12,2004,602978,1361,7,5,5,1952,0,0,0,,0,136B,"SOMERSET RANCH RD","GARFIELD AV",300.00,E,N,A,-,N,,,,,,,,,,N,4,0,1,2,A,-,11,21954,A,N,D,B,D,A,H,-,C,D,0,Y,,Y,,Y,,N,60,0,0,1,0,1,0,0,0,0,"- ","- ",,,"LOS ANGELES",PARAMOUNT,-118.16793294999999,33.910604990000003
8511743,2017,2017-12-27,1942,2017-12-03,1800,33068,519,7,5,7,1942,0,0,0,,0,5A24,"BLINN AV","SANDISON ST",15.00,S,N,A,-,N,,,,,,,,,,N,4,0,1,2,A,-,12,22450,,F,B,B,E,A,H,-,B,-,0,Y,,,,Y,,-,99,0,0,1,0,1,0,0,0,0,"- ","- ",,,"LOS ANGELES","LOS ANGELES",-118.24566535,33.794349050000001
8511929,2017,2017-12-28,1942,2017-11-02,0855,41378,1151,4,5,7,1942,0,0,0,K,0,1A51,"SUNSET BL",EDGEMONT,150.00,E,N,A,-,N,,,,,,,,,,N,4,0,1,2,B,-,22,,,N,G,B,-,A,H,-,A,-,0,Y,,,,Y,Y,A,01,0,0,1,0,1,0,0,0,0,"- ","- ",,,"LOS ANGELES","LOS ANGELES",-118.29564549,34.098149999999997
8511933,2017,2017-12-28,1942,2017-11-29,0130,41956,0134,3,5,7,1942,0,0,0,A,0,1A2,"4TH ST",BROADWAY,100.00,W,N,A,-,N,,,,,,,,,,Y,4,0,1,4,A,-,01,23152,A,N,A,B,E,A,H,-,C,A,0,Y,,,,Y,Y,A,01,0,0,1,0,0,0,0,0,0,"- ","- ",,,"LOS ANGELES","LOS ANGELES",-118.47145802,33.993270770000002
8511938,2017,2018-01-30,1941,2017-12-05,0619,10909,,2,5,7,1941,0,0,0,,0,,"PACIFIC COAST HWY","CHERRY AV",0.00,,Y,A,B,N,,,,,,,,,,N,3,0,1,2,A,-,11,21456,B,N,G,B,B,A,H,-,A,A,0,Y,,,,Y,,-,,0,1,0,0,1,0,0,0,0,"- ","- ",,,"LOS ANGELES","LONG BEACH",-118.16766010000001,33.789860089999998
8511961,2017,2018-02-20,1942,2017-11-29,1525,40724,1849,3,5,7,1942,0,0,0,R,0,18A49,"WILMINGTON AV","111TH ST",3.00,S,N,A,-,N,,,,,,,,,,N,4,0,1,2,A,-,10,21950,A,N,G,B,B,A,H,-,A,A,0,Y,,,,Y,,A,01,0,0,1,0,1,0,0,0,0,"- ","- ",,,"LOS ANGELES","LOS ANGELES",-118.23904,33.934281769999998
8511962,2017,2018-01-30,1942,2017-12-05,1730,38118,1842,2,5,7,1942,0,0,0,R,0,25MQ54,"FIGUEROA ST","110TH ST",6.00,S,N,A,-,N,,,,,,,,,,N,3,0,1,2,A,-,10,21950,A,F,G,B,B,A,H,-,B,A,0,Y,,,,Y,,-,99,0,1,0,0,1,0,0,0,0,"- ","- ",,,"LOS ANGELES","LOS ANGELES",-118.28261000000001,33.935613539999999
8511965,2017,2017-12-28,1942,2017-11-29,1445,41766,1831,3,5,7,1942,0,0,0,R,0,18A26,"ATHENS BL","AINSWORTH ST",100.00,W,N,A,-,N,,,,,,,,,,N,4,0,1,2,A,-,11,21954,A,F,A,B,D,A,H,-,A,D,0,Y,,,,Y,,N,60,0,0,1,0,1,0,0,0,0,"- ","- ",,,"LOS ANGELES","LOS ANGELES",-118.29042436,33.923214119999997
8511966,2017,2018-01-30,1942,2017-12-05,2030,41841,0158,2,5,7,1942,0,0,0,A,0,0158,"6TH ST","GLADYS AV",35.00,E,N,A,-,N,,,,,,,,,,Y,4,0,1,2,A,-,11,21954,A,F,G,B,E,A,H,-,C,D,0,Y,,,,Y,,-,,0,0,1,0,1,0,0,0,0,"- ","- ",,,"LOS ANGELES","LOS ANGELES",-118.24200175,34.040248230000003
8511981,2017,2017-12-28,1942,2017-11-23,1400,39758,1826,4,5,7,1942,0,0,0,R,0,18E15,"GRANDEE AV","103RD ST",200.00,N,N,A,-,N,,,,,,,,,,N,4,0,1,2,A,-,03,22350,A,F,A,B,E,A,H,-,A,D,0,Y,,,,Y,,-,99,0,0,1,0,1,0,0,0,0,"- ","- ",,,"LOS ANGELES","LOS ANGELES",-118.24343509000001,33.943758099999997
8511989,2017,2018-02-21,1942,2017-11-25,1130,36403,1838,6,5,7,1942,0,0,0,R,0,18A26,"GRAPE ST","SANTA ANA N",15.00,N,N,A,-,N,,,,,,,,,,N,3,0,1,2,A,-,17,21657,,N,G,B,D,A,H,-,A,D,0,Y,,,,Y,,A,01,0,1,0,0,1,0,0,0,0,"- ","- ",,,"LOS ANGELES","LOS ANGELES",-118.23696973,33.937381139999999
8512082,2017,2017-12-27,1900,2017-11-10,1320,532438,1616,5,5,5,1977,0,0,0,,0,160T,"CENTRAL AV","DIMONDALE DR",0.00,,Y,A,-,N,,,,,,,,,,Y,3,0,1,2,A,-,10,21950,A,N,G,B,B,A,H,-,A,A,0,Y,,,,Y,,A,01,0,1,0,0,1,0,0,0,0,"- ","- ",,,"LOS ANGELES",CARSON,-118.24860006999999,33.848910029999999
8512175,2017,2018-01-11,1942,2017-11-06,0910,38050,0147,1,5,7,1942,0,0,0,A,0,24TL21,"WINSTON ST","WALL ST",30.00,E,N,A,-,N,,,,,,,,,,N,4,0,1,2,A,-,11,21954,A,N,G,B,C,A,H,-,A,D,0,Y,,,,Y,,N,60,0,0,1,0,1,0,0,0,0,"- ","- ",,,"LOS ANGELES","LOS ANGELES",-118.24508794,34.045500060000002
8512226,2017,2018-01-11,1942,2017-10-13,2113,39062,0156,5,5,7,1942,0,0,0,A,0,24T34,"6TH ST","SAN PEDRO ST",100.00,W,N,A,-,N,,,,,,,,,,N,3,0,1,2,A,-,11,21955,,N,G,B,D,A,H,-,C,D,0,Y,,,,Y,,N,60,0,1,0,0,0,0,0,0,0,"- ","- ",,,"LOS ANGELES","LOS ANGELES",-118.24552991,34.042428510000001
8512336,2017,2018-01-10,1942,2017-10-19,1845,41262,0328,4,5,7,1942,0,0,0,C,0,3F53,"FIGUEROA ST","28TH ST",15.00,S,N,A,-,N,,,,,,,,,,N,4,0,1,2,A,-,08,22107,,N,G,B,B,A,H,-,C,D,0,Y,,,,Y,,A,07,0,0,1,0,1,0,0,0,0,"- ","- ",,,"LOS ANGELES","LOS ANGELES",-118.27738268,34.026053449999999
8512690,2017,2018-01-11,1924,2017-09-09,1503,111229,Q32,6,5,5,1924,0,0,0,,0,8L3D,"WESTERN AV","REDONDO BEACH BL",400.00,N,N,A,-,N,,,,,,,,,,N,4,0,1,2,D,-,00,,,N,G,B,F,A,H,-,A,D,0,Y,,,,Y,,-,"- ",0,0,1,0,1,0,0,0,0,"- ","- ",33.88852,-118.30914,"LOS ANGELES",GARDENA,-118.30916461,33.889607040000001
8512725,2017,2018-06-18,1900,2017-12-07,1215,538098,1014,4,5,3,1995,0,0,0,,0,101A,"RT 1","CORRAL CANYON RD",2640.00,S,N,A,G,Y,LA,7,1,-,-,49.970,H,-,N,N,2,0,1,2,A,-,11,21955,,N,G,B,D,A,H,-,A,D,0,Y,,,,Y,,N,60,1,0,0,0,1,0,0,0,0,"- ","- ",34.031700000000001,-118.74648000000001,"LOS ANGELES",MALIBU,-118.73555407000001,34.033516110000001
8512741,2017,2018-01-11,1942,2017-11-17,0845,41840,1516,5,5,7,1942,0,0,0,O,0,9A41,"VANOWEN ST","TUJUNGA AV",0.00,,Y,A,-,N,,,,,,,,,,N,3,0,1,2,A,-,10,21950,A,N,G,B,B,A,H,-,A,A,0,Y,,,,Y,,A,01,0,1,0,0,1,0,0,0,0,"- ","- ",,,"LOS ANGELES","LOS ANGELES",-118.37902010000001,34.193950049999998
8512802,2017,2018-01-30,1941,2017-12-13,0727,5695,,3,5,7,1941,0,0,0,,0,,"BARBANELL ST","PALO VERDE",0.00,,Y,A,-,N,,,,,,,,,,N,3,0,2,3,A,-,10,21952,,N,G,B,B,A,H,-,A,A,0,Y,,,,Y,,A,,0,1,1,0,2,0,0,0,0,"- ","- ",,,"LOS ANGELES","LONG BEACH",-118.10793011,33.805260109999999
8512854,2017,2018-01-29,1976,2017-11-26,1600,219,,7,5,3,1964,0,0,0,,0,,"TELEGRAPH RD","CARMENITA RD",350.00,W,N,A,-,N,,,,,,,,,,N,4,0,1,2,A,-,11,21954,A,N,G,B,D,A,H,-,A,D,0,Y,,,,Y,,N,60,0,0,1,0,1,0,0,0,0,"- ","- ",,,"LOS ANGELES","SANTA FE SPRINGS",-118.04747562999999,33.941043100000002
8513188,2017,2018-02-05,1942,2017-12-14,1825,41571,1361,4,5,7,1942,0,0,0,M,0,13X28,"51ST ST",BROADWAY,0.00,E,N,A,-,N,,,,,,,,,,N,3,0,1,2,A,-,07,21658,A,N,G,B,E,A,H,-,C,D,0,Y,,,,Y,,A,01,0,1,0,0,1,0,0,0,0,"- ","- ",,,"LOS ANGELES","LOS ANGELES",-118.27833007,33.996490080000001
8513207,2017,2018-01-20,1942,2017-11-13,1530,42012,LA,1,5,7,1942,0,0,0,,0,1307,"E 9TH ST","S SAN PEDRO ST",0.00,,Y,A,-,N,,,,,,,,,,N,4,0,1,2,D,-,00,,,N,G,B,E,A,H,-,A,D,0,Y,,,,Y,Y,-,"- ",0,0,1,0,1,0,0,0,0,"- ","- ",,,"LOS ANGELES","LOS ANGELES",-118.25034006,34.037300090000002
8513211,2017,2018-01-20,1942,2017-11-18,0920,41986,1364,6,5,7,1942,0,0,0,M,0,4213,"CENTRAL AV","55TH ST",0.00,,Y,A,-,N,,,,,,,,,,N,2,0,1,2,A,-,11,21954,A,N,G,B,D,A,H,-,A,A,0,Y,,,,Y,,N,60,1,0,0,0,1,0,0,0,0,"- ","- ",,,"LOS ANGELES","LOS ANGELES",-118.25646005999999,33.992990089999999
8513227,2017,2018-02-06,1942,2017-12-23,2110,41799,0645,6,5,7,1942,0,0,0,F,0,6F814,"HOLLYWOOD BL","HOLLYWOOD BL 6801",0.00,,N,A,-,N,,,,,,,,,,N,4,0,1,2,A,-,03,22350,,F,G,B,F,A,H,-,C,D,0,Y,,,,Y,,-,99,0,0,1,0,1,0,0,0,0,"- ","- ",,,"LOS ANGELES","LOS ANGELES",-118.340368,34.101540999999997
8513240,2017,2018-01-20,1942,2017-12-14,1900,42846,1142,4,5,7,1942,0,0,0,K,0,11A72,"DRACENA DR",AMBROSE,30.00,S,N,A,-,N,,,,,,,,,,N,4,0,1,2,A,-,21,22106,,N,G,B,D,A,H,-,C,D,0,Y,,,,Y,,A,07,0,0,1,0,1,0,0,0,0,"- ","- ",,,"LOS ANGELES","LOS ANGELES",-118.29025892,34.109877730000001
8513247,2017,2018-01-24,1942,2017-12-25,1845,40931,RAMP,1,5,7,1942,0,0,0,,0,0233,"2ND ST","RAMPART BL",0.00,,Y,A,-,N,,,,,,,,,,N,4,0,1,2,A,-,10,21950,C,N,G,B,B,A,H,-,D,D,0,Y,,,,Y,,A,07,0,0,1,0,1,0,0,0,0,"- ","- ",,,"LOS ANGELES","LOS ANGELES",-118.27748012000001,34.068470009999999