CASE_ID,ACCIDENT_YEAR,PROC_DATE,JURIS,COLLISION_DATE,COLLISION_TIME,OFFICER_ID,REPORTING_DISTRICT,DAY_OF_WEEK,CHP_SHIFT,POPULATION,CNTY_CITY_LOC,SPECIAL_COND,BEAT_TYPE,CHP_BEAT_TYPE,CITY_DIVISION_LAPD,CHP_BEAT_CLASS,BEAT_NUMBER,PRIMARY_RD,SECONDARY_RD,DISTANCE,DIRECTION,INTERSECTION,WEATHER_1,WEATHER_2,STATE_HWY_IND,CALTRANS_COUNTY,CALTRANS_DISTRICT,STATE_ROUTE,ROUTE_SUFFIX,POSTMILE_PREFIX,POSTMILE,LOCATION_TYPE,RAMP_INTERSECTION,SIDE_OF_HWY,TOW_AWAY,COLLISION_SEVERITY,NUMBER_KILLED,NUMBER_INJURED,PARTY_COUNT,PRIMARY_COLL_FACTOR,PCF_CODE_OF_VIOL,PCF_VIOL_CATEGORY,PCF_VIOLATION,PCF_VIOL_SUBSECTION,HIT_AND_RUN,TYPE_OF_COLLISION,MVIW,PED_ACTION,ROAD_SURFACE,ROAD_COND_1,ROAD_COND_2,LIGHTING,CONTROL_DEVICE,CHP_ROAD_TYPE,PEDESTRIAN_ACCIDENT,BICYCLE_ACCIDENT,MOTORCYCLE_ACCIDENT,TRUCK_ACCIDENT,NOT_PRIVATE_PROPERTY,ALCOHOL_INVOLVED,STWD_VEHTYPE_AT_FAULT,CHP_VEHTYPE_AT_FAULT,COUNT_SEVERE_INJ,COUNT_VISIBLE_INJ,COUNT_COMPLAINT_PAIN,COUNT_PED_KILLED,COUNT_PED_INJURED,COUNT_BICYCLIST_KILLED,COUNT_BICYCLIST_INJURED,COUNT_MC_KILLED,COUNT_MC_INJURED,PRIMARY_RAMP,SECONDARY_RAMP,LATITUDE,LONGITUDE,COUNTY,CITY,POINT_X,POINT_Y
8521042,2017,2018-01-04,1969,2017-12-01,1942,10216,PATRO,5,5,5,1969,0,0,0,,0,002,"LONG BEACH BL","TWEEDY BL",5.00,N,N,A,-,N,,,,,,,,,,N,3,0,1,3,A,-,11,21456,B,N,D,B,B,A,H,-,C,A,0,Y,,,,Y,Y,N,60,0,1,0,0,1,0,0,0,0,"- ","- ",,,"LOS ANGELES","SOUTH GATE",-118.21616415,33.945363270000001
8521050,2017,2018-01-04,1969,2017-12-08,1449,10203,PATRO,5,5,5,1969,0,0,0,,0,002,"SOUTHERN AV","VIRGINIA AV",0.00,,Y,A,-,N,,,,,,,,,,N,4,0,1,2,A,-,12,22450,,F,G,B,B,A,H,-,A,D,0,Y,,,,Y,,A,07,0,0,1,0,1,0,0,0,0,"- ","- ",,,"LOS ANGELES","SOUTH GATE",-118.20789010999999,33.951240050000003
8521070,2017,2018-01-04,1955,2017-11-04,0220,42194,5,6,5,6,1955,0,0,0,,0,004,"GAREY AV","3RD ST",0.00,,Y,A,-,N,,,,,,,,,,Y,2,0,1,2,A,-,12,21453,A,N,G,B,B,A,-,-,C,A,0,Y,,,,Y,Y,-,"- ",1,0,0,0,1,0,0,0,0,"- ","- ",,,"LOS ANGELES",POMONA,-117.75014002,34.056890029999998
8521093,2017,2018-01-04,1900,2017-12-07,1602,606665,2112,4,5,5,1943,0,0,0,,0,212B,"MARTIN LUTHER KING BL","CALIFORNIA AV",0.00,,Y,A,-,N,,,,,,,,,,N,4,0,1,2,A,-,10,21950,A,N,G,B,B,A,H,-,A,A,0,Y,,,,Y,,A,01,0,0,1,0,1,0,0,0,0,"- ","- ",,,"LOS ANGELES",LYNWOOD,-118.20843010999999,33.936320029999997
8521110,2017,2018-01-08,1942,2017-10-27,1530,42199,1821,5,5,7,1942,0,0,0,R,0,18A2C,FIGUEROA,"95TH ST",5.00,E,N,A,-,N,,,,,,,,,,N,4,0,1,2,A,-,10,21950,A,F,A,B,B,A,H,-,A,D,0,Y,,,,Y,,-,,0,0,1,0,1,0,0,0,0,"- ","- ",,,"LOS ANGELES","LOS ANGELES",-118.28272,33.950090000000003
8521165,2017,2017-12-28,1924,2017-08-28,1310,114642,5,1,5,5,1924,0,0,0,,0,8T3,"RUTHELEN ST","132ND ST",12.00,N,N,A,-,N,,,,,,,,,,N,4,0,1,2,A,-,12,22450,A,N,G,B,B,A,H,-,A,D,0,Y,,,,Y,,A,01,0,0,1,0,1,0,0,0,0,"- ","- ",33.91263,-118.31229999999999,"LOS ANGELES",GARDENA,-118.31232987,33.912662910000002
8521180,2017,2018-01-05,1965,2017-12-13,1515,3158,0B4E,3,5,5,1965,0,0,0,,0,B004,"16TH ST","CALIFORNIA AV",10.00,N,N,A,-,N,,,,,,,,,,N,3,0,1,2,A,-,10,21950,A,N,G,B,B,A,H,-,A,A,0,Y,,,,Y,,A,01,0,1,0,0,1,0,0,0,0,"- ","- ",37.020940000000003,-121.01152,"LOS ANGELES","SANTA MONICA",-118.48863299,34.029739650000003
8521251,2017,2017-12-27,1924,2017-08-11,1143,112953,G2,5,5,5,1924,0,0,0,,0,8L4D,"ROSECRANS AV","BUDLONG AV",141.00,E,N,A,-,N,,,,,,,,,,N,2,0,1,2,A,-,11,21955,,N,G,B,D,A,H,-,A,D,0,Y,,,,Y,,N,60,1,0,0,0,1,0,0,0,0,"- ","- ",33.901899999999998,-118.29604999999999,"LOS ANGELES",GARDENA,-118.29561624,33.901960000000003
8521279,2017,2017-12-28,1924,2017-09-06,0704,111229,G32,3,5,5,1924,0,0,0,,0,8L1D,"WESTERN AV","REDONDO BEACH BL",12.00,S,N,A,-,N,,,,,,,,,,N,4,0,1,2,A,-,10,21950,A,N,G,B,B,A,H,-,A,A,0,Y,,,,Y,,A,01,0,0,1,0,1,0,0,0,0,"- ","- ",33.88852,-118.30914,"LOS ANGELES",GARDENA,-118.30916927,33.888477090000002
8521381,2017,2018-01-08,1924,2017-09-16,1345,105794,16,6,5,5,1924,0,0,0,,0,002,"ROSECRANS AV","WESTERN AV",12.00,E,N,A,-,N,,,,,,,,,,N,3,0,1,2,A,-,10,21950,A,N,G,B,B,A,H,-,A,A,0,Y,,,,Y,,-,,0,1,0,0,1,0,0,0,0,"- ","- ",33.901919999999997,-118.30915,"LOS ANGELES",GARDENA,-118.30909053000001,33.90193
8521417,2017,2018-01-08,1941,2017-10-27,1947,10661,,5,5,7,1941,0,0,0,,0,,"PARAMOUNT BL","SOUTH ST",0.00,,Y,A,-,N,,,,,,,,,,N,4,0,1,2,A,-,08,22107,,M,A,B,B,A,H,-,C,A,0,Y,,,,Y,,A,,0,0,1,0,1,0,0,0,0,"- ","- ",,,"LOS ANGELES","LONG BEACH",-118.15990006,33.860180049999997
8521443,2017,2018-01-08,1942,2017-12-12,1830,42685,1458,2,5,7,1942,0,0,0,N,0,14A26,"SLAUSON AV","CULVER BL",0.00,,Y,A,-,N,,,,,,,,,,N,3,0,1,2,A,-,10,21950,A,F,G,B,-,A,H,-,C,D,0,Y,,,,Y,Y,-,99,0,1,0,0,1,0,0,0,0,"- ","- ",,,"LOS ANGELES","LOS ANGELES",-118.41485011,33.998500120000003
8521465,2017,2018-01-05,1942,2017-12-02,1055,42974,0628,6,5,7,1942,0,0,0,F,0,6A15,"FRANKLIN AV","BRONSON AV",0.00,,Y,A,-,N,,,,,,,,,,N,2,0,1,2,A,-,10,21950,A,N,G,B,B,A,H,-,A,A,0,Y,,,,Y,,A,01,1,0,0,0,1,0,0,0,0,"- ","- ",,,"LOS ANGELES","LOS ANGELES",-118.31798010999999,34.105250030000001
8521514,2017,2018-01-09,1941,2017-12-02,0048,10842,901T,6,5,7,1941,0,0,0,,0,,BROADWAY,"CERRITOS AV",0.00,,Y,A,-,N,,,,,,,,,,N,2,0,1,2,A,-,11,21954,A,N,A,B,-,A,H,-,C,D,0,Y,,,,Y,Y,N,60,1,0,0,0,1,0,0,0,0,"- ","- ",,,"LOS ANGELES","LONG BEACH",-118.17863004,33.768700019999997
8521540,2017,2017-12-29,1942,2017-11-29,2240,42252,0668,3,5,7,1942,0,0,0,F,0,6A77,"WESTERN AV","DELONGPRE AV",10.00,N,N,A,-,N,,,,,,,,,,N,4,0,2,3,A,-,10,21950,A,N,A,B,B,A,H,-,C,D,0,Y,,,,Y,,A,01,0,0,2,0,2,0,0,0,0,"- ","- ",,,"LOS ANGELES","LOS ANGELES",-118.30922,34.096877429999999
8521560,2017,2018-01-02,1942,2017-12-09,0640,35945,0643,6,5,7,1942,0,0,0,F,0,6TL7,"LA BREA AV","HOLLYWOOD BL",0.00,,Y,A,-,N,,,,,,,,,,N,4,0,1,2,A,-,10,21950,A,F,G,B,B,A,H,-,B,A,0,Y,,,,Y,,-,99,0,0,1,0,1,0,0,0,0,"- ","- ",,,"LOS ANGELES","LOS ANGELES",-118.34522004,34.10160011
8521564,2017,2018-01-02,1942,2017-12-11,1405,37715,0678,1,5,7,1942,0,0,0,F,0,8TL26W,"N NORMANDIE AV","LEMON GROVE AV",120.00,N,N,A,-,N,,,,,,,,,,N,3,0,1,2,A,-,11,21954,A,N,G,B,D,A,H,-,A,D,0,Y,,,,Y,,N,60,0,1,0,0,1,0,0,0,0,"- ","- ",,,"LOS ANGELES","LOS ANGELES",-118.30047999999999,34.086609109999998
8521584,2017,2018-01-02,1942,2017-12-02,1800,43056,0639,6,5,7,1942,0,0,0,F,0,6A48,"ARGYLE AV","YUCCA ST",150.00,S,N,A,-,N,,,,,,,,,,N,4,0,1,2,A,-,10,21952,,N,G,B,D,A,H,-,C,-,0,Y,,,,Y,,A,01,0,0,1,0,1,0,0,0,0,"- ","- ",,,"LOS ANGELES","LOS ANGELES",-118.32520026,34.10330871
8521615,2017,2018-01-22,1900,2017-12-08,0640,600726,0467,5,5,4,1936,0,0,0,,0,46T1D,"BEACH BL","HILLSBOROUGH DR",1.00,S,N,A,-,N,,,,,,,,,,N,3,0,1,2,A,-,10,21950,A,N,G,B,B,A,H,-,B,A,0,Y,,,,Y,,A,01,0,1,0,0,1,0,0,0,0,"- ","- ",,,"LOS ANGELES","LA MIRADA",-117.97793194,33.908607789999998
8521621,2017,2018-01-03,1905,2017-12-04,2125,1114,422,1,5,4,1905,0,0,0,,0,003,"EAST FOOTHILL BL","SOLDANO AV",29.00,E,N,A,-,N,,,,,,,,,,N,4,0,1,2,A,-,11,21954,A,N,A,B,D,A,H,-,C,D,0,Y,,,,Y,,N,60,0,0,1,0,1,0,0,0,0,"- ","- ",34.133319999999998,-117.90366,"LOS ANGELES",AZUSA,-117.90360443,34.133597719999997
8521630,2017,2018-01-05,1900,2017-12-05,2340,530600,0613,2,5,6,1985,0,0,0,,0,61T1,"SOLEDAD CANYON RD","SOLAMINT RD",8.00,S,N,A,-,N,,,,,,,,,,N,3,0,1,2,A,-,11,21956,A,N,G,B,E,A,H,-,C,D,0,Y,,,,Y,,N,60,0,1,0,0,1,0,0,0,0,"- ","- ",,,"LOS ANGELES","SANTA CLARITA",-118.45244,34.416539999999998
8521674,2017,2018-01-05,1925,2017-12-12,1708,19364,238,2,5,6,1925,0,0,0,,0,004,"WILSON AV","BELMONT ST",20.00,W,N,A,-,N,,,,,,,,,,N,4,0,1,2,A,-,10,21950,A,N,G,B,B,A,H,-,C,D,0,Y,,,,Y,,A,07,0,0,1,0,1,0,0,0,0,"- ","- ",,,"LOS ANGELES",GLENDALE,-118.24316597000001,34.148119999999999
8521688,2017,2018-01-03,1906,2017-12-06,1517,4426,,3,5,5,1906,0,0,0,,0,003,"MAINE AV","FOSTER AV",6.00,S,N,A,-,N,,,,,,,,,,N,3,0,1,2,A,-,12,22450,A,N,G,B,B,A,H,-,A,A,0,Y,,,,Y,,A,01,0,1,0,0,1,0,0,0,0,"- ","- ",,,"LOS ANGELES","BALDWIN PARK",-117.97374275999999,34.073277439999998
8521703,2017,2018-01-03,1975,2017-12-03,1854,370,,7,5,6,1975,0,0,0,,0,004,"SUSANNA AV","VINE AV",0.00,,Y,B,-,N,,,,,,,,,,N,4,0,1,2,A,-,10,21950,A,N,G,B,B,A,H,-,C,D,0,Y,,,,Y,,-,,0,0,1,0,1,0,0,0,0,"- ","- ",,,"LOS ANGELES","WEST COVINA",-117.92770007999999,34.057630090000004
8521894,2017,2018-02-10,1975,2017-12-08,1825,683,,5,5,6,1975,0,0,0,,0,003,"SUNSET AV","W VINE AV",265.00,S,N,A,-,N,,,,,,,,,,N,4,0,1,2,A,-,11,21954,A,N,G,B,D,A,H,-,C,D,0,Y,,,,Y,,N,60,0,0,1,0,1,0,0,0,0,"- ","- ",,,"LOS ANGELES","WEST COVINA",-117.94400482,34.063253230000001
8522039,2017,2018-01-04,1942,2017-12-12,1210,38996,1067,2,5,7,1942,0,0,0,J,0,10A99,"VENTURA BL","TEXHOMA AV",265.00,E,N,A,-,N,,,,,,,,,,N,4,0,1,2,C,-,18,,,N,G,B,E,A,H,-,A,D,0,Y,,,,Y,,-,"- ",0,0,1,0,1,0,0,0,0,"- ","- ",,,"LOS ANGELES","LOS ANGELES",-118.51627205,34.161842839999998
8522043,2017,2018-01-04,1942,2017-12-13,1720,39207,1017,3,5,7,1942,0,0,0,J,0,10A26,"WHITE OAK AV","SATICOY ST",0.00,,Y,A,-,N,,,,,,,,,,N,4,0,1,2,A,-,11,21955,,N,G,B,D,A,H,-,C,A,0,Y,,,,Y,,N,60,0,0,1,0,1,0,0,0,0,"- ","- ",,,"LOS ANGELES","LOS ANGELES",-118.51860001,34.208410110000003
8522056,2017,2018-01-04,1942,2017-12-12,1430,32372,1621,2,5,7,1942,0,0,0,P,0,16A11,"FILMORE ST","LAUREL CANYON BL",12.00,E,N,A,-,N,,,,,,,,,,N,3,0,1,2,A,-,10,21950,A,N,G,B,B,A,H,-,A,A,0,Y,,,,Y,,A,01,0,1,0,0,1,0,0,0,0,"- ","- ",,,"LOS ANGELES","LOS ANGELES",-118.43522028,34.26178178
8522082,2017,2018-01-10,1953,2017-12-15,0932,9511,1953,5,5,6,1953,0,0,0,,0,003,"VILLA ST","MAR VISTA AV",0.00,,Y,A,-,N,,,,,,,,,,N,3,0,1,2,A,-,09,21801,A,N,G,B,B,A,H,-,A,D,0,Y,,,,Y,Y,-,"- ",0,1,0,0,1,0,0,0,0,"- ","- ",,,"LOS ANGELES",PASADENA,-118.12677001,34.154320009999999
8522133,2017,2018-01-04,1956,2017-12-06,0858,1239,54,3,5,5,1956,0,0,0,,0,004,"ARTESIA BL","FELTON LN",6.00,E,N,A,-,N,,,,,,,,,,N,4,0,1,2,A,-,10,21950,A,N,G,B,B,A,H,-,A,A,0,Y,,,,Y,,A,01,0,0,1,0,1,0,0,0,0,"- ","- ",,,"LOS ANGELES","REDONDO BEACH",-118.36431027,33.872909999999997
8522148,2017,2018-01-11,1942,2017-12-08,1435,40695,1672,5,5,7,1942,0,0,0,P,0,16A59,LANKERSHIM,"PENDLETON AV",500.00,E,N,A,-,N,,,,,,,,,,Y,3,0,1,3,A,-,11,21955,,N,-,B,D,A,H,-,A,D,0,Y,,,,Y,,N,60,0,1,0,0,1,0,0,0,0,"- ","- ",,,"LOS ANGELES","LOS ANGELES",-118.38776,34.22786
8522164,2017,2018-01-12,1942,2017-12-07,1805,32372,0904,4,5,7,1942,0,0,0,I,0,9A5,"BURNET AV","SATICOY ST",7.00,N,N,A,-,N,,,,,,,,,,N,3,0,1,2,A,-,10,21950,A,N,G,B,-,A,H,-,C,D,0,Y,,,,Y,,D,22,0,1,0,0,1,0,0,0,0,"- ","- ",,,"LOS ANGELES","LOS ANGELES",-118.46402,34.208469999999998
8522257,2017,2018-01-03,1942,2017-12-12,0745,38326,2149,2,5,7,1942,0,0,0,,0,21A29,"MARIANO ST","VALLEY CIRCLE BL",8.00,E,N,A,-,N,,,,,,,,,,N,3,0,1,2,D,-,00,,,N,G,B,B,A,H,-,A,A,0,Y,,,,Y,,-,"- ",0,1,0,0,1,0,0,0,0,"- ","- ",,,"LOS ANGELES","LOS ANGELES",-118.64259887,34.168403159999997
8522330,2017,2018-01-04,1942,2017-12-03,1855,36336,1581,7,5,7,1942,0,0,0,O,0,15A85,"MOORPARK ST","COLDWATER CANYON AV",45.00,W,N,A,-,N,,,,,,,,,,N,2,0,1,2,A,-,11,21954,A,F,G,B,D,A,H,-,C,A,0,Y,,,,Y,,N,60,1,0,0,0,1,0,0,0,0,"- ","- ",,,"LOS ANGELES","LOS ANGELES",-118.41393846,34.150350000000003
8522334,2017,2018-01-04,1942,2017-12-13,2040,32774,1591,3,5,7,1942,0,0,0,O,0,15A85,"VENTURA BL","RHODES AV",0.00,,Y,A,-,N,,,,,,,,,,N,4,0,2,3,A,-,10,21950,A,F,G,B,B,A,H,-,C,D,0,Y,,,,Y,,-,99,0,0,2,0,2,0,0,0,0,"- ","- ",,,"LOS ANGELES","LOS ANGELES",-118.40304008,34.142870010000003
8522357,2017,2018-01-03,1900,2017-12-15,2126,487834,0532,5,5,5,1959,0,0,0,,0,53T1PM,"BRIGHTON ST","GARVEY AV",5.00,S,N,A,-,N,,,,,,,,,,N,3,0,1,2,A,-,00,21450,A,N,G,B,B,A,H,-,C,D,0,Y,,,,Y,,A,07,0,1,0,0,1,0,0,0,0,"- ","- ",34.062519999999999,-118.09824,"LOS ANGELES",ROSEMEAD,-118.09833,34.062629999999999
8522362,2017,2018-01-04,1942,2017-12-08,0625,42251,0919,5,5,7,1942,0,0,0,I,0,9A19,"VANOWEN ST","WOODMAN AV",90.00,E,N,A,-,N,,,,,,,,,,N,3,0,1,2,A,-,11,21954,A,N,G,B,D,A,H,-,B,D,0,Y,,,,Y,,N,60,0,1,0,0,1,0,0,0,0,"- ","- ",,,"LOS ANGELES","LOS ANGELES",-118.43097292,34.193939999999998
8522407,2017,2018-01-05,1910,2017-12-01,1530,03633,,5,5,4,1910,0,0,0,,0,006,"SUNSET BL","CANON DR",0.00,,Y,A,-,N,,,,,,,,,,N,3,0,1,2,A,-,11,21456,B,N,G,B,B,A,H,-,A,A,0,Y,,,,Y,,N,60,0,1,0,0,1,0,0,0,0,"- ","- ",,,"LOS ANGELES","BEVERLY HILLS",-118.41401,34.080100059999999
8522431,2017,2018-01-05,1942,2017-12-12,1925,42051,1974,2,5,7,1942,0,0,0,,0,19A85,"VAN NUYS BL","OSBORNE ST",95.00,S,N,A,-,N,,,,,,,,,,N,3,0,1,2,A,-,11,21954,A,N,G,B,D,A,H,-,C,D,0,Y,,,,Y,Y,N,60,0,1,0,0,1,0,0,0,0,"- ","- ",,,"LOS ANGELES","LOS ANGELES",-118.45025,34.232829420000002
8522484,2017,2018-01-03,1900,2017-11-19,0700,517840,2608,7,5,6,1950,0,0,0,,0,264T1,"35TH ST EAST","AVENUE R 4",0.00,,Y,A,-,N,,,,,,,,,,N,4,0,1,2,A,-,10,21950,,N,G,B,B,A,H,-,B,A,0,Y,,,,Y,,A,07,0,0,1,0,1,0,0,0,0,"- ","- ",,,"LOS ANGELES",PALMDALE,-118.06718001,34.56926009
8522521,2017,2018-01-02,1942,2017-11-02,0005,43056,0639,4,5,7,1942,0,0,0,F,0,6A48,"HOLLYWOOD BL","NORMANDIE AV",0.00,,Y,A,-,N,,,,,,,,,,N,4,0,1,2,A,-,10,21950,A,N,G,B,B,A,H,-,C,A,0,Y,,,,Y,,A,01,0,0,1,0,1,0,0,0,0,"- ","- ",,,"LOS ANGELES","LOS ANGELES",-118.30056008,34.101750090000003
8522540,2017,2018-01-03,1953,2017-11-29,1534,4840,1953,3,5,6,1953,0,0,0,,0,005,"FAIR OAKS AV","WALNUT ST",0.00,,Y,A,-,N,,,,,,,,,,N,3,0,1,2,A,-,12,21453,A,N,G,B,B,A,H,-,A,A,0,Y,,,,Y,,A,01,0,1,0,0,1,0,0,0,0,"- ","- ",,,"LOS ANGELES",PASADENA,-118.15052005,34.149600079999999
8522564,2017,2018-02-03,1931,2017-12-06,1300,5646,1931,3,5,5,1931,0,0,0,,0,004,"MILES AV","GAGE AV",0.00,,Y,A,-,N,,,,,,,,,,Y,4,0,1,2,A,-,10,21950,A,N,G,B,B,A,F,H,A,A,0,Y,,,,Y,,D,22,0,0,1,0,1,0,0,0,0,"- ","- ",,,"LOS ANGELES","HUNTINGTON PARK",-118.21915009999999,33.981620110000001
8522569,2017,2018-01-03,1942,2017-11-02,0745,42698,1842,4,5,7,1942,0,0,0,R,0,18A3,"112TH ST",BROADWAY,310.00,E,N,A,-,N,,,,,,,,,,N,4,0,1,2,A,-,10,21950,A,N,G,B,D,A,H,-,A,D,0,Y,,Y,,Y,,C,06,0,0,1,0,1,0,0,0,0,"- ","- ",,,"LOS ANGELES","LOS ANGELES",-118.27756014000001,33.932960629999997
8522581,2017,2018-01-03,1942,2017-11-29,1903,42338,1837,3,5,7,1942,0,0,0,R,0,25T45,"WILMINGTON AV","109TH PL",0.00,,Y,A,-,N,,,,,,,,,,N,2,0,1,2,A,-,10,21950,A,N,G,B,B,A,H,-,C,D,0,Y,,,,Y,,A,01,1,0,0,0,1,0,0,0,0,"- ","- ",,,"LOS ANGELES","LOS ANGELES",-118.23904,33.936200059999997
8522597,2017,2018-01-03,1942,2017-11-09,0750,36911,1837,4,5,7,1942,0,0,0,R,0,25TL41,"E 110TH ST","COMPTON AV",5.00,E,N,A,-,N,,,,,,,,,,N,4,0,1,2,A,-,10,21950,A,F,G,B,B,A,H,-,A,D,0,Y,,,,Y,,A,01,0,0,1,0,1,0,0,0,0,"- ","- ",,,"LOS ANGELES","LOS ANGELES",-118.24629355,33.935800219999997
8522613,2017,2018-01-03,1942,2017-11-06,1650,42734,RD182,1,5,7,1942,0,0,0,,0,18A34,CENTURY,"GRAPE ST",0.00,,Y,A,-,N,,,,,,,,,,N,3,0,1,2,A,-,10,21950,A,N,G,B,B,B,H,-,A,D,0,Y,,,,Y,,A,01,0,1,0,0,1,0,0,0,0,"- ","- ",,,"LOS ANGELES","LOS ANGELES",-118.23678009,33.94569001
8522618,2017,2018-01-12,1942,2017-12-25,1940,41149,1915,1,5,7,1942,0,0,0,,0,19A1,"DYER ST","DE GARMO AV",100.00,W,N,A,-,N,,,,,,,,,,Y,4,0,3,4,A,-,01,23152,A,N,G,B,E,A,H,-,D,D,0,Y,,,,Y,Y,D,22,0,0,3,0,3,0,0,0,0,"- ","- ",,,"LOS ANGELES","LOS ANGELES",-118.44588,34.301780000000001
8522629,2017,2018-01-03,1942,2017-11-03,0800,33201,1841,5,5,7,1942,0,0,0,R,0,18A97,"IMPERIAL HWY","MENLO AV",100.00,E,N,B,-,N,,,,,,,,,,N,3,0,1,2,A,-,11,21954,A,F,-,B,E,A,H,-,A,A,0,Y,,,,Y,,N,60,0,1,0,0,1,0,0,0,0,"- ","- ",,,"LOS ANGELES","LOS ANGELES",-118.28894099,33.930982239999999
8522637,2017,2018-01-03,1942,2017-11-19,1855,40440,181,7,5,7,1942,0,0,0,R,0,25T27,"VERMONT AV","88TH ST",0.00,,N,A,-,N,,,,,,,,,,N,3,0,1,3,A,-,10,21950,A,F,G,B,B,A,H,-,C,A,0,Y,,,,Y,,-,99,0,1,0,0,1,0,0,0,0,"- ","- ",,,"LOS ANGELES","LOS ANGELES",-118.29161999999999,33.957940000000001
8523124,2017,2018-01-10,1941,2017-12-15,1605,10795,,5,5,7,1941,0,0,0,,0,901T,"LONG BEACH BL","MARKET ST",0.00,,Y,-,-,N,,,,,,,,,,N,3,0,2,3,A,-,10,21950,A,N,-,B,B,A,H,-,A,A,0,Y,,,,Y,,A,,0,2,0,0,2,0,0,0,0,"- ","- ",,,"LOS ANGELES","LONG BEACH",-118.19661010999999,33.854290040000002
8523131,2017,2018-02-01,1941,2017-12-17,0513,10766,,7,5,7,1941,0,0,0,,0,,"CHERRY AV","S MARSHELL PL",52.00,S,N,A,-,N,,,,,,,,,,N,3,0,1,2,A,-,11,21956,A,N,B,B,E,A,H,-,C,D,0,Y,,,,Y,,-,,0,1,0,0,1,0,0,0,0,"- ","- ",,,"LOS ANGELES","LONG BEACH",-118.16773999999999,33.831317400000003
8523132,2017,2018-01-10,1941,2017-12-15,0925,10920,,5,5,7,1941,0,0,0,,0,901T,"WALNUT AV","4TH ST",0.00,,Y,A,-,N,,,,,,,,,,N,4,0,1,2,A,-,07,21658,A,N,G,B,B,A,H,-,A,A,0,Y,,,,Y,,A,,0,0,1,0,1,0,0,0,0,"- ","- ",,,"LOS ANGELES","LONG BEACH",-118.1720401,33.771710079999998
8523139,2017,2018-01-10,1941,2017-12-18,1606,10772,,1,5,7,1941,0,0,0,,0,,"ANAHEIM ST","ATLANTIC AV",0.00,,Y,A,-,N,,,,,,,,,,N,4,0,2,3,A,-,09,21801,A,N,G,B,B,A,H,-,A,A,0,Y,,,,Y,,A,,0,0,2,0,2,0,0,0,0,"- ","- ",,,"LOS ANGELES","LONG BEACH",-118.18504007999999,33.782610050000002
8523143,2017,2018-02-01,1941,2017-12-12,1559,10545,,2,5,7,1941,0,0,0,,0,,"52ND ST","DAISY AV",0.00,,Y,A,-,N,,,,,,,,,,N,3,0,1,2,A,-,09,21801,A,N,H,B,D,A,H,-,B,D,0,Y,,,,Y,,A,,0,1,0,0,1,0,0,0,0,"- ","- ",,,"LOS ANGELES","LONG BEACH",-118.1990101,33.8504401
8523151,2017,2018-01-10,1941,2017-12-19,0842,5767,,2,5,7,1941,0,0,0,,0,,"7TH ST","LIME AV",0.00,,Y,A,-,N,,,,,,,,,,N,4,0,1,2,A,-,10,21950,A,N,H,B,B,A,H,-,A,A,0,Y,,,,Y,,A,,0,0,1,0,1,0,0,0,0,"- ","- ",,,"LOS ANGELES","LONG BEACH",-118.18368005000001,33.775340010000001
8523183,2017,2018-01-10,1941,2017-12-15,0532,10919,,5,5,7,1941,0,0,0,,0,,"SPRING ST","SANTA FE AV",0.00,,Y,A,-,N,,,,,,,,,,N,3,0,1,2,D,-,00,,,N,G,B,E,A,H,-,C,D,0,Y,,,,Y,,-,"- ",0,1,0,0,1,0,0,0,0,"- ","- ",,,"LOS ANGELES","LONG BEACH",-118.21551002,33.811660080000003
8523195,2017,2018-01-10,1941,2017-12-16,0940,5695,,6,5,7,1941,0,0,0,,0,,"10TH ST","TERMINO AV",0.00,,Y,A,-,N,,,,,,,,,,N,4,0,1,2,A,-,00,21052,,N,G,B,B,A,H,-,A,A,0,Y,,,,Y,,A,,0,0,1,0,1,0,0,0,0,"- ","- ",,,"LOS ANGELES","LONG BEACH",-118.14591,33.778940059999996
8523395,2017,2018-01-11,1942,2017-11-19,1440,39395,1141,7,5,7,1942,0,0,0,K,0,11A1,"N NEW HAMPSHIRE AV","FRANKLIN AV",400.00,S,N,A,-,N,,,,,,,,,,N,3,0,1,2,A,-,21,22106,,N,G,B,E,A,H,-,A,D,0,Y,,,,Y,,D,22,0,1,0,0,1,0,0,0,0,"- ","- ",,,"LOS ANGELES","LOS ANGELES",-118.29335107999999,34.104313009999998
8523405,2017,2018-01-04,1953,2017-12-01,1840,8402,,5,5,6,1953,0,0,0,,0,002,"LAKE AV","BOYLSTON ST",0.00,,Y,A,-,N,,,,,,,,,,N,4,0,1,2,A,-,10,21950,A,N,G,B,B,A,H,-,C,D,0,Y,,,,Y,,-,,0,0,1,0,1,0,0,0,0,"- ","- ",,,"LOS ANGELES",PASADENA,-118.13248012,34.159810069999999
8523407,2017,2018-01-11,1942,2017-11-06,1730,40099,256,1,5,7,1942,0,0,0,,0,2A75,"S BURLINGTON AV","7TH ST",10.00,W,N,A,-,N,,,,,,,,,,N,4,0,1,2,A,-,11,21456,B,N,G,B,B,A,H,-,C,A,0,Y,,,,Y,,N,60,0,0,1,0,1,0,0,0,0,"- ","- ",,,"LOS ANGELES","LOS ANGELES",-118.27347598999999,34.05493602