CASE_ID,ACCIDENT_YEAR,PROC_DATE,JURIS,COLLISION_DATE,COLLISION_TIME,OFFICER_ID,REPORTING_DISTRICT,DAY_OF_WEEK,CHP_SHIFT,POPULATION,CNTY_CITY_LOC,SPECIAL_COND,BEAT_TYPE,CHP_BEAT_TYPE,CITY_DIVISION_LAPD,CHP_BEAT_CLASS,BEAT_NUMBER,PRIMARY_RD,SECONDARY_RD,DISTANCE,DIRECTION,INTERSECTION,WEATHER_1,WEATHER_2,STATE_HWY_IND,CALTRANS_COUNTY,CALTRANS_DISTRICT,STATE_ROUTE,ROUTE_SUFFIX,POSTMILE_PREFIX,POSTMILE,LOCATION_TYPE,RAMP_INTERSECTION,SIDE_OF_HWY,TOW_AWAY,COLLISION_SEVERITY,NUMBER_KILLED,NUMBER_INJURED,PARTY_COUNT,PRIMARY_COLL_FACTOR,PCF_CODE_OF_VIOL,PCF_VIOL_CATEGORY,PCF_VIOLATION,PCF_VIOL_SUBSECTION,HIT_AND_RUN,TYPE_OF_COLLISION,MVIW,PED_ACTION,ROAD_SURFACE,ROAD_COND_1,ROAD_COND_2,LIGHTING,CONTROL_DEVICE,CHP_ROAD_TYPE,PEDESTRIAN_ACCIDENT,BICYCLE_ACCIDENT,MOTORCYCLE_ACCIDENT,TRUCK_ACCIDENT,NOT_PRIVATE_PROPERTY,ALCOHOL_INVOLVED,STWD_VEHTYPE_AT_FAULT,CHP_VEHTYPE_AT_FAULT,COUNT_SEVERE_INJ,COUNT_VISIBLE_INJ,COUNT_COMPLAINT_PAIN,COUNT_PED_KILLED,COUNT_PED_INJURED,COUNT_BICYCLIST_KILLED,COUNT_BICYCLIST_INJURED,COUNT_MC_KILLED,COUNT_MC_INJURED,PRIMARY_RAMP,SECONDARY_RAMP,LATITUDE,LONGITUDE,COUNTY,CITY,POINT_X,POINT_Y
90568581,2017,2017-10-11,9565,2017-10-01,2105,021575,,7,2,9,1900,0,1,1,,2,060,"I-405 NORTHBOUND FROM IMPERIAL HIGHWAY","IMPERIAL HIGHWAY",300.00,N,N,A,-,Y,,,405,,,,R,,N,Y,4,0,1,2,A,-,11,21950,B,M,G,B,E,A,H,-,D,D,0,Y,,Y,,Y,,N,60,0,0,1,0,0,0,0,0,1,"- ","- ",33.931350000000002,-118.36678999999999,"LOS ANGELES",UNINCORPORATED,-118.36678999999999,33.931350000000002
90569525,2017,2017-10-12,9550,2017-09-01,2330,020553,,5,3,5,1919,0,1,3,,2,091,"STATE ROUTE 91 E/B (ARTESIA FREEWAY)","GRIDLEY ROAD OVER-CROSSING",380.00,E,N,A,-,Y,,,91,,,,,,E,Y,1,1,0,2,A,-,11,21954,A,N,G,B,E,A,H,-,D,D,0,Y,,,,Y,,N,60,0,0,0,1,0,0,0,0,0,"- ","- ",33.876339999999999,-118.09023000000001,"LOS ANGELES",CERRITOS,-118.09023034000001,33.876423940000002
90571530,2017,2017-10-16,9565,2017-10-07,1432,021663,,6,2,9,1900,0,3,5,,2,002,"W. 97TH ST.","NORMANDIE AVE",300.00,E,N,A,-,N,,,,,,,,,,N,4,0,1,2,A,-,11,21954,A,N,G,B,D,A,H,-,A,D,0,Y,,,,Y,,N,60,0,0,1,0,1,0,0,0,0,"- ","- ",33.947809999999997,-118.29855999999999,"LOS ANGELES",UNINCORPORATED,-118.29929274,33.94774228
90571632,2017,2017-10-18,9530,2017-10-05,0945,015995,,4,1,9,1900,0,3,5,,2,002,"120TH ST. (1600 BLOCK)","COMPTON AVE.",12.00,E,N,A,-,N,,,,,,,,,,N,2,0,1,2,A,-,10,21950,A,N,G,B,B,A,H,-,A,A,0,Y,,,,Y,,A,07,1,0,0,0,1,0,0,0,0,"- ","- ",33.923740000000002,-118.24594999999999,"LOS ANGELES",UNINCORPORATED,-118.24627076,33.923743569999999
90572027,2017,2017-10-18,9530,2017-09-26,1910,021792,,2,2,9,1900,0,3,5,,2,001,"HOPE STREET (7600 BLOCK)","PACIFIC BLVD.",65.00,W,N,A,-,N,,,,,,,,,,N,4,0,2,3,A,-,11,21954,A,N,G,B,D,A,H,-,C,D,0,Y,,,,Y,,N,60,0,0,2,0,2,0,0,0,0,"- ","- ",33.970109999999998,-118.2256,"LOS ANGELES",UNINCORPORATED,-118.22544227,33.970012269999998
90573496,2017,2018-06-04,9525,2017-05-07,0051,021355,,7,3,9,1900,0,1,1,,2,105,"I-10 W/B (SAN BERNARDINO FWY)","VIA VERDE",2471.00,E,N,B,C,Y,,,10,,,,,,W,Y,1,1,0,2,A,-,11,21954,A,N,G,B,E,B,D,E,D,D,0,Y,,,,Y,,N,60,0,0,0,1,0,0,0,0,0,"- ","- ",34.068350000000002,-117.84737,"LOS ANGELES",UNINCORPORATED,-117.84737023,34.068333420000002
90575229,2017,2017-10-20,9530,2017-10-08,1401,021493,,7,2,9,1900,0,3,5,,2,001,"FLORENCE AVE. (BLOCK 1720)","GRAHAM AVE.",10.00,E,N,A,-,N,,,,,,,,,,N,4,0,1,2,D,-,00,,,N,G,B,B,A,H,-,A,A,0,Y,,,,Y,,-,"- ",0,0,1,0,1,0,0,0,0,"- ","- ",33.974719999999998,-118.24266,"LOS ANGELES",UNINCORPORATED,-118.24275708,33.974739999999997
90575305,2017,2017-10-20,9530,2017-10-10,0805,021842,,2,1,9,1900,0,3,5,,2,001,"67TH ST.","HOOPER AVE.",4.00,E,N,A,-,Y,,,,,,,,,,N,4,0,1,2,A,-,10,21950,A,N,G,B,B,A,H,-,A,A,0,Y,,,,Y,,A,01,0,0,1,0,1,0,0,0,0,"- ","- ",33.979230000000001,-118.25196,"LOS ANGELES",UNINCORPORATED,-118.25204683,33.97921006
90575406,2017,2017-10-23,9550,2017-10-01,1740,021037,,7,2,9,1900,0,3,5,,2,002,"PAINTER AVENUE","MYSTIC ST.",0.00,,Y,A,-,N,,,,,,,,,,N,3,0,1,2,A,-,10,21950,A,F,G,B,B,A,H,-,A,A,0,Y,,,,Y,,-,99,0,1,0,0,1,0,0,0,0,"- ","- ",33.950409999999998,-118.04583,"LOS ANGELES",UNINCORPORATED,-118.04575005,33.950480089999999
90575688,2017,2017-10-23,9535,2017-10-13,2150,021441,,5,2,9,1900,0,3,5,,2,001,"HAMMEL ST. (4100 BLOCK)","MARIANNA AVE",90.00,W,N,A,-,N,,,,,,,,,,N,3,0,1,2,A,-,08,22107,,F,G,B,D,A,H,-,D,D,0,Y,,,,Y,,D,22,0,1,0,0,1,0,0,0,0,"- ","- ",34.042400000000001,-118.17667,"LOS ANGELES",UNINCORPORATED,-118.17608647,34.042398640000002
90576279,2017,2017-10-23,9590,2017-08-07,0420,021480,,1,3,7,1942,0,1,3,,2,094,"SR-2 E/B (GLENDALE FREEWAY)","COLORADO BLVD.",1500.00,W,N,A,-,Y,,,2,,,,,,E,Y,4,0,1,2,A,-,08,22107,,F,G,C,E,A,H,-,C,D,0,Y,,,,Y,,-,99,0,0,1,0,1,0,0,0,0,"- ","- ",34.136209999999998,-118.22901,"LOS ANGELES","LOS ANGELES",-118.2291424,34.136243149999999
90577489,2017,2017-10-24,9545,2017-09-07,0036,019414,,4,3,9,1900,0,3,5,,2,004,"AVENUE S","95TH ST  E",64.00,E,N,A,-,N,,,,,,,,,,Y,1,1,0,2,A,-,11,21954,A,N,G,B,D,A,H,-,C,A,0,Y,,,,Y,,N,60,0,0,0,1,0,0,0,0,0,"- ","- ",34.557830000000003,-117.96047,"LOS ANGELES",UNINCORPORATED,-117.96051796,34.557873049999998
90577594,2017,2017-10-24,9530,2017-09-12,1933,019050,,2,2,9,1900,0,3,5,,2,002,"SAN PEDRO ST. (13200 BLOCK)","132ND ST.",380.00,S,N,A,-,N,,,,,,,,,,N,2,0,1,2,A,-,11,21954,A,N,G,B,D,A,H,-,C,D,0,Y,,,,Y,,N,60,1,0,0,0,1,0,0,0,0,"- ","- ",33.912999999999997,-118.27,"LOS ANGELES",UNINCORPORATED,-118.26965574,33.911747849999998
90578080,2017,2017-10-25,9530,2017-10-14,1715,021642,,6,2,9,1900,0,3,5,,2,001,"WALNUT ST. (2400 BLOCK)","SANTA FE AVE.",275.00,E,N,A,-,N,,,,,,,,,,N,3,0,1,2,A,-,11,21954,A,N,G,B,D,A,H,-,A,D,0,Y,,,,Y,Y,N,60,0,1,0,0,1,0,0,0,0,"- ","- ",33.973790000000001,-118.22932,"LOS ANGELES",UNINCORPORATED,-118.22937197,33.973745200000003
90578227,2017,2017-10-25,9530,2017-10-15,1854,021290,,7,2,9,1900,0,3,5,,2,001,"SEVILLE AVE.","FLORENCE AVE.",0.00,,Y,A,-,N,,,,,,,,,,N,4,0,3,4,A,-,10,21950,A,N,G,B,B,A,H,-,C,A,0,Y,,,,Y,,A,07,0,0,3,0,3,0,0,0,0,"- ","- ",33.973779999999998,-118.22235999999999,"LOS ANGELES",UNINCORPORATED,-118.22242006,33.973920040000003
90578584,2017,2017-10-25,9530,2017-10-16,1850,021709,,1,2,9,1900,0,3,5,,2,004,"VICTORIA ST.","SUSANA RD.",0.00,,Y,A,-,N,,,,,,,,,,N,4,0,1,2,A,-,11,21456,B,N,G,B,B,A,H,-,C,A,0,Y,,,,Y,,N,60,0,0,1,0,1,0,0,0,0,"- ","- ",33.86486,-118.20469,"LOS ANGELES",UNINCORPORATED,-118.20472013,33.864840010000002
90579369,2017,2017-10-26,9565,2017-10-17,1445,021808,,2,2,9,1900,0,2,4,,2,043,"S. INGLEWOOD AVE.","LENNOX BLVD.",75.00,S,N,A,-,N,,,,,,,,,,N,3,0,1,2,A,-,11,21954,A,N,B,B,D,A,H,-,A,D,0,Y,,,,Y,,N,60,0,1,0,0,1,0,0,0,0,"- ","- ",33.937919999999998,-118.36134,"LOS ANGELES",UNINCORPORATED,-118.36134,33.93795429
90579690,2017,2017-10-26,9565,2017-10-24,2105,020264,,2,2,9,1900,0,2,4,,2,022,"NORMANDIE AVE","121ST ST",30.00,S,N,A,-,N,,,,,,,,,,N,3,0,1,2,A,-,11,21954,A,N,G,B,D,A,H,-,C,D,0,Y,,,,Y,Y,N,60,0,1,0,0,1,0,0,0,0,"- ","- ",33.922910000000002,-118.30038,"LOS ANGELES",UNINCORPORATED,-118.30037088,33.922967720000003
90581584,2017,2017-10-27,9530,2017-10-14,0050,021094,,6,3,2,1967,0,1,1,,2,420,"I-405 S/B (SAN DIEGO FREEWAY)","WALNUT AVE.",90.00,N,N,A,-,Y,,,405,,,,,,S,Y,3,0,1,3,A,-,08,22107,,F,C,E,E,A,H,-,D,D,0,Y,,,,Y,Y,A,01,0,1,0,0,1,0,0,0,0,"- ","- ",33.814100000000003,-118.17231,"LOS ANGELES","SIGNAL HILL",-118.17231028,33.814201930000003
90582113,2017,2017-10-30,9535,2017-10-09,0250,020825,,1,3,6,1922,0,1,1,,2,400,"I-10 E/B (SAN BERNARDINO FWY)","TEMPLE CITY BOULEVARD",1232.00,W,N,A,-,Y,,,10,,,,,,E,Y,2,0,5,4,A,-,08,22107,,N,E,I,E,A,H,-,C,D,0,Y,,,,Y,,A,07,2,1,2,0,1,0,0,0,0,"- ","- ",34.072119999999998,-118.06262,"LOS ANGELES","EL MONTE",-118.0626207,34.072217369999997
90582924,2017,2017-10-30,9530,2017-10-22,1940,021470,,7,2,9,1900,0,3,5,,2,001,"SANTA FE AVE. (8100 BLOCK)","PALM PL.",90.00,N,N,A,-,N,,,,,,,,,,N,3,0,1,2,A,-,11,21954,A,N,G,B,D,A,H,-,C,D,0,Y,,,,Y,Y,N,60,0,1,0,0,1,0,0,0,0,"- ","- ",33.96508,-118.23018999999999,"LOS ANGELES",UNINCORPORATED,-118.23023412000001,33.964946769999997
90583250,2017,2017-10-31,9575,2017-08-28,1435,016603,,1,2,9,1900,0,2,4,,2,027,"ALLEN AVENUE","BEVERLY DRIVE",105.00,N,N,A,-,N,,,,,,,,,,N,3,0,1,2,A,-,03,22350,,F,G,B,D,A,H,-,A,D,0,Y,,,,Y,,A,01,0,1,0,0,1,0,0,0,0,"- ","- ",34.171779999999998,-118.11291,"LOS ANGELES",UNINCORPORATED,-118.11296938,34.171527390000001
90585921,2017,2017-11-02,9580,2017-10-24,0046,020828,,2,3,7,1942,0,1,2,,2,102,"US-101 N/B (VENTURA FREEWAY)",I-405,2000.00,N,N,A,-,Y,,,101,,,,,,N,Y,2,0,1,3,A,-,03,22350,,F,B,C,E,A,H,-,C,D,0,Y,,,,Y,,-,99,1,0,0,0,1,0,0,0,0,"- ","- ",34.164619999999999,-118.47360999999999,"LOS ANGELES","LOS ANGELES",-118.47356322,34.164713120000002
90586292,2017,2017-11-08,9590,2017-08-09,0107,020409,,3,3,7,1942,0,1,1,,2,080,"I-5 NORTHBOUND TO CESAR CHAVEZ AVENUE","CESAR CHAVEZ AVENUE",616.00,S,N,A,-,Y,,,5,,,,R,,N,N,1,1,0,2,A,-,11,21954,A,N,G,B,E,A,H,-,C,D,0,Y,,,,Y,,N,60,0,0,0,1,0,0,0,0,0,"- ","- ",34.047739999999997,-118.21429999999999,"LOS ANGELES","LOS ANGELES",-118.21429999999999,34.047739999999997
90587444,2017,2017-11-10,9535,2017-10-24,2330,019363,,2,3,9,1900,0,3,5,,2,002,"SUNOL DR. (1200 BLOCK)","BOSWELL PL",77.00,N,N,A,-,N,,,,,,,,,,N,3,0,1,2,A,-,21,22106,,M,G,B,F,A,H,-,C,D,0,Y,,,,Y,,A,01,0,1,0,0,1,0,0,0,0,"- ","- ",34.018099999999997,-118.1788,"LOS ANGELES",UNINCORPORATED,-118.17898827,34.01790115
90588022,2017,2017-11-06,9565,2017-10-27,0625,021775,,5,1,9,1900,0,3,5,,2,002,"106TH ST.","VERMONT AVE.",500.00,W,N,A,-,N,,,,,,,,,,N,4,0,1,3,A,-,03,22350,,F,G,B,E,A,H,-,A,D,0,Y,,,,Y,,A,07,0,0,1,0,1,0,0,0,0,"- ","- ",33.940010000000001,-118.29369,"LOS ANGELES",UNINCORPORATED,-118.29356527,33.940036220000003
90588046,2017,2017-11-06,9575,2017-10-27,1140,020363,,5,1,9,1900,0,2,4,,2,020,"WOODBURY RD.","CASITAS AVE.",0.00,,Y,A,-,N,,,,,,,,,,N,3,0,2,3,A,-,10,21950,A,N,G,B,B,A,H,-,A,A,0,Y,,,,Y,,A,01,0,2,0,0,2,0,0,0,0,"- ","- ",34.183190000000003,-118.16403,"LOS ANGELES",UNINCORPORATED,-118.16412,34.183150019999999
90588276,2017,2017-11-06,9525,2017-10-26,1200,020216,,4,1,9,1900,0,2,4,,2,045,"VALLEY BLVD (14500 BLOCK)","7TH AVE.",5.00,W,N,A,-,N,,,,,,,,,,N,3,0,1,2,A,-,10,21950,A,N,G,B,B,A,H,-,A,A,0,Y,,,,Y,,A,07,0,1,0,0,1,0,0,0,0,"- ","- ",34.034909999999996,-117.97463999999999,"LOS ANGELES",UNINCORPORATED,-117.97458266,34.034768759999999
90588283,2017,2017-11-06,9550,2017-10-29,1850,021532,,7,2,9,1900,0,3,5,,2,004,"PEPPERBROOK WAY W/B","WEDGEWORTH DRIVE",6.00,W,N,A,-,N,,,,,,,,,,N,4,0,1,2,A,-,10,21950,A,N,G,B,B,A,H,-,C,A,0,Y,,,,Y,,A,07,0,0,1,0,1,0,0,0,0,"- ","- ",33.98753,-117.90369,"LOS ANGELES",UNINCORPORATED,-117.93311971,33.993621040000001
90588514,2017,2018-06-04,9525,2017-07-15,2200,021362,,6,3,9,1900,0,3,5,,2,004,"AMAR ROAD (14700 BLOCK)","EVANWOOD AVENUE",20.00,W,N,A,-,N,,,,,,,,,,N,1,1,0,2,A,-,11,21954,A,F,G,B,D,A,H,-,C,D,0,Y,,,,Y,Y,N,60,0,0,0,1,0,0,0,0,0,"- ","- ",34.043259999999997,-117.96041,"LOS ANGELES",UNINCORPORATED,-117.96036912,34.043296529999999
90589113,2017,2018-02-26,9565,2017-10-17,1300,021808,,2,1,9,1900,0,3,5,,2,004,"LA CIENEGA BLVD. S/B","PACIFIC CONCOURSE DR.",248.00,S,N,A,-,N,,,,,,,,,,N,3,0,1,2,A,-,16,24002,A,N,B,B,E,A,D,-,A,D,0,Y,,,,Y,,E,22,0,1,0,0,1,0,0,0,0,"- ","- ",33.328449999999997,-118.37007,"LOS ANGELES",UNINCORPORATED,-118.37008628,33.925539790000002
90589435,2017,2017-11-07,9525,2017-10-29,1452,021713,,7,2,9,1900,0,3,5,,2,003,"AZUSA AVE (100 BLOCK)","GEMINI ST.",0.00,,Y,A,-,N,,,,,,,,,,N,3,0,1,2,A,-,00,21461,,N,G,B,D,A,H,-,A,A,0,Y,,,,Y,,N,60,0,1,0,0,1,0,0,0,0,"- ","- ",34.01858,-117.91997000000001,"LOS ANGELES",UNINCORPORATED,-117.92015007000001,34.018620030000001
90589551,2017,2017-11-07,9565,2017-10-29,1930,021453,,7,2,9,1900,0,3,5,,2,004,"S BURL AVE.","W 104TH STREET",380.00,N,N,A,-,N,,,,,,,,,,N,3,0,1,2,A,-,03,22350,,N,E,I,F,A,H,-,C,D,0,Y,,,,Y,,A,01,0,1,0,0,1,0,0,0,0,"- ","- ",33.942900000000002,-118.36254,"LOS ANGELES",UNINCORPORATED,-118.3624535,33.942842249999998
90589621,2017,2017-11-07,9535,2017-10-30,0800,017302,,1,1,9,1900,0,2,4,,2,022,"OLYMPIC BLVD","GARFIELD AVE",0.00,,Y,A,-,N,,,,,,,,,,N,3,0,1,2,A,-,10,21950,A,N,G,B,B,A,H,-,A,A,0,Y,,,,Y,,A,01,0,1,0,0,1,0,0,0,0,"- ","- ",34.014600000000002,-118.13084000000001,"LOS ANGELES",UNINCORPORATED,-118.13085006999999,34.011490080000002
90589951,2017,2017-11-08,9550,2017-11-02,0650,020594,,4,1,9,1900,0,3,5,,2,002,"MEYER ROAD","HASTINGS DR.",10.00,E,N,B,-,Y,,,,,,,,,,N,3,0,1,2,A,-,10,21950,A,N,G,B,B,A,H,-,B,D,0,Y,,,,Y,,A,01,0,1,0,0,1,0,0,0,0,"- ","- ",33.9221,-118.0407,"LOS ANGELES",UNINCORPORATED,-118.04078969,33.921989349999997
90590795,2017,2018-02-21,9550,2017-03-11,0109,021054,,6,3,5,1919,0,1,1,,2,652,"INTERSTATE 605 SOUTHBOUND","STATE ROUTE 91 WESTBOUND",58.20,N,N,A,-,Y,,,605,,,,,,S,Y,1,1,2,3,A,-,03,22350,,N,D,C,E,A,H,-,D,D,0,Y,,,,Y,Y,A,01,1,1,0,1,0,0,0,0,0,"- ","- ",33.876080000000002,-118.10241000000001,"LOS ANGELES",CERRITOS,-118.10252079,33.876043459999998
90590797,2017,2018-03-22,9550,2017-03-11,0111,021054,,6,3,5,1919,0,1,1,,2,652,"INTERSTATE 605 SOUTHBOUND","STATE ROUTE 91 SOUTH EDGE",18.30,N,N,A,-,Y,,,605,,,,,,S,Y,1,1,1,4,A,-,01,23152,A,N,D,C,E,A,H,-,D,D,0,Y,,,,Y,Y,A,01,1,0,0,1,0,0,0,0,0,"- ","- ",33.876080000000002,-118.10241000000001,"LOS ANGELES",CERRITOS,-118.10252079,33.876043459999998
90590862,2017,2017-11-09,9565,2017-10-21,2334,021576,,6,3,9,1900,0,2,4,,1,041,"HAWTHORNE BLVD.","106TH ST.",45.00,S,N,A,-,N,,,,,,,,,,N,2,0,1,2,A,-,11,21955,,F,G,B,D,A,H,-,C,D,0,Y,,,,Y,,N,60,1,0,0,0,1,0,0,0,0,"- ","- ",33.939779999999999,-118.35253,"LOS ANGELES",UNINCORPORATED,-118.35272000000001,33.939846580000001
90591036,2017,2017-11-09,9575,2017-11-01,2110,017414,,3,2,9,1900,0,2,4,,2,014,"MONTROSE AVE.","MAR VISTA AVE./RINCON AVE.",0.00,,Y,B,-,N,,,,,,,,,,N,2,0,1,2,A,-,10,21950,A,N,G,B,B,A,H,-,C,D,0,Y,,,,Y,Y,A,07,1,0,0,0,1,0,0,0,0,"- ","- ",34.208089999999999,-118.22537,"LOS ANGELES",UNINCORPORATED,-118.2253815,34.208136000000003
90591426,2017,2018-01-09,9590,2017-10-13,2218,021643,,5,3,7,1942,0,1,3,,2,094,"SR-2 E/B (GLENDALE FREEWAY)","ESTARA AVENUE",490.00,W,N,A,-,Y,,,2,,,,,,E,N,2,0,1,2,A,-,03,22350,,N,G,B,E,A,H,-,C,D,0,Y,,,,Y,,A,01,1,0,0,0,1,0,0,0,0,"- ","- ",34.114989999999999,-118.24061,"LOS ANGELES","LOS ANGELES",-118.24062922,34.11503759
90591612,2017,2017-11-09,9530,2017-10-31,1050,021709,,2,1,9,1900,0,3,5,,2,001,"COMPTON AVE.","SLAUSON AVE.",15.00,S,N,A,-,N,,,,,,,,,,N,4,0,1,2,A,-,10,21950,A,N,G,B,B,A,H,-,A,A,0,Y,,,,Y,,-,99,0,0,1,0,1,0,0,0,0,"- ","- ",33.989199999999997,-118.24769999999999,"LOS ANGELES",UNINCORPORATED,-118.24776,33.989298859999998
90592579,2017,2017-11-13,9530,2017-11-01,1835,021212,,3,2,9,1900,0,3,5,,2,001,"HOLMES AVE (BLOCK 8600)","87TH ST.",4.00,S,N,A,-,N,,,,,,,,,,N,3,0,2,3,A,-,10,21950,A,N,E,B,C,A,H,-,C,D,0,Y,,,,Y,,D,22,0,2,0,0,2,0,0,0,0,"- ","- ",33.958629999999999,-118.24113,"LOS ANGELES",UNINCORPORATED,-118.24083,33.958489030000003
90592649,2017,2017-11-13,9550,2017-11-02,1730,021261,,4,2,9,1900,0,3,5,,2,002,"CARMENITA RD","IMPERIAL HWY",10.00,N,N,A,-,N,,,,,,,,,,N,4,0,1,2,A,-,10,21950,A,N,G,B,B,A,H,-,A,A,0,Y,,,,Y,,A,01,0,0,1,0,1,0,0,0,0,"- ","- ",33.917099999999998,-118.0466,"LOS ANGELES",UNINCORPORATED,-118.04681046,33.917077419999998
90593270,2017,2017-11-13,9565,2017-10-25,0400,021576,,3,3,5,1965,0,1,1,,2,081,"I-10 W/B (SANTA MONICA FWY.)","11TH ST.",600.00,W,N,A,-,Y,,,10,,,,,,W,N,2,0,1,2,C,-,18,,,N,G,B,E,A,H,-,D,D,0,Y,,,,Y,,-,"- ",1,0,0,0,1,0,0,0,0,"- ","- ",34.015810000000002,-118.48447,"LOS ANGELES","SANTA MONICA",-118.48446611999999,34.015803750000003
90593411,2017,2017-11-13,9565,2017-10-28,1915,021251,,6,2,9,1900,0,3,5,,2,002,"105TH ST.","VERMONT AVE.",300.00,W,N,A,-,N,,,,,,,,,,N,4,0,1,2,A,-,11,21954,A,N,G,B,E,A,H,-,C,D,0,Y,,,,Y,,N,60,0,0,1,0,1,0,0,0,0,"- ","- ",33.941249999999997,-118.29352,"LOS ANGELES",UNINCORPORATED,-118.29289718,33.9412223
90594522,2017,2017-11-15,9545,2017-11-03,0605,020655,,5,1,9,1900,1,3,5,,2,004,"AVENUE V-10","126TH ST  E",468.00,W,N,B,-,N,,,,,,,,,,N,2,0,1,2,A,-,11,21956,,N,G,B,E,A,H,-,D,D,0,Y,,,,Y,,N,60,1,0,0,0,1,0,0,0,0,"- ","- ",34.504649999999998,-117.90697,"LOS ANGELES",UNINCORPORATED,-117.90689197,34.504605849999997
90595060,2017,2017-11-15,9565,2017-11-03,1835,021251,,5,2,9,1900,0,2,4,,2,022,"NORMANDIE AVE.","102ND ST.",0.00,,Y,B,-,N,,,,,,,,,,N,2,0,1,2,A,-,11,21950,B,N,G,B,D,A,H,-,C,D,0,Y,,,,Y,,N,60,1,0,0,0,1,0,0,0,0,"- ","- ",33.94415,-118.30036,"LOS ANGELES",UNINCORPORATED,-118.30029003,33.944080110000002
90595194,2017,2018-03-07,9590,2017-11-02,0500,016127,,4,3,7,1942,0,1,1,,2,041,"I-5 S/B (SANTA ANA FREEWAY)","INDIANA STREET",350.00,N,N,B,-,Y,,,5,,,,,,S,Y,2,0,2,4,A,-,03,22350,,N,C,C,E,A,H,-,C,D,0,Y,,,,Y,,D,22,1,0,1,0,1,0,0,0,0,"- ","- ",34.02008,-118.19123,"LOS ANGELES","LOS ANGELES",-118.19123112,34.020062780000003
90595212,2017,2017-11-15,9565,2017-10-25,0358,021576,,3,3,5,1965,0,1,1,,2,081,"I-10 W/B (SANTA MONICA FWY.)","11TH ST.",550.00,W,N,A,-,Y,,,10,,,,,,W,N,2,0,1,2,A,-,00,21960,A,F,G,B,E,A,H,-,D,D,0,Y,,,,Y,,N,60,1,0,0,0,1,0,0,0,0,"- ","- ",34.015810000000002,-118.48447,"LOS ANGELES","SANTA MONICA",-118.48446611999999,34.015803750000003
90595232,2017,2017-11-15,9530,2017-11-02,1425,021689,,4,2,9,1900,0,3,5,,2,001,"FLORENCE AVE. (2100 BLOCK)","ALAMEDA ST.",10.00,E,N,B,-,N,,,,,,,,,,N,2,0,1,2,A,-,11,21950,B,N,G,B,D,A,H,-,A,A,0,Y,,,,Y,,N,60,1,0,0,0,1,0,0,0,0,"- ","- ",33.974699999999999,-118.23472,"LOS ANGELES",UNINCORPORATED,-118.23467708,33.974730000000001
90595964,2017,2018-05-09,9550,2017-05-18,1622,018854,,4,2,6,1949,0,1,1,,2,651,"INTERSTATE 605 SOUTHBOUND","FIRESTONE BOULEVARD",82.00,N,N,A,-,Y,,,,,,,,,,Y,1,1,1,3,A,-,08,22107,,N,E,I,F,A,H,-,A,D,0,Y,,,,Y,,A,07,0,1,0,1,0,0,0,0,0,"- ","- ",33.553280000000001,-118.61512999999999,"LOS ANGELES",NORWALK,-118.10421452,33.92495289
90596528,2017,2017-11-17,9525,2017-11-03,2225,019890,,5,3,9,1900,0,3,5,,2,003,"GEMINI ST. (17400 BLOCK)","ZENITH AVE.",37.00,E,N,A,-,N,,,,,,,,,,N,3,0,1,2,A,-,11,21954,A,N,G,B,D,A,H,-,D,D,0,Y,,,,Y,,N,60,0,1,0,0,1,0,0,0,0,"- ","- ",34.017949999999999,-117.91768999999999,"LOS ANGELES",UNINCORPORATED,-117.91768534000001,34.017935739999999
90597637,2017,2017-11-20,9575,2017-11-10,2200,021006,,5,3,9,1900,0,3,5,,2,008,"GOLDEN WEST AVE. (6600 BLOCK)","EL CAMINO REAL AVE. (9800 BLOCK)",138.00,S,N,A,-,N,,,,,,,,,,N,3,0,1,2,A,-,11,21954,A,N,G,B,E,A,H,-,C,D,0,Y,,,,Y,,N,60,0,1,0,0,1,0,0,0,0,"- ","- ",34.121209999999998,-118.05941,"LOS ANGELES",UNINCORPORATED,-118.05936635,34.121193249999997
90598051,2017,2017-11-20,9550,2017-11-07,0815,021274,,2,1,9,1900,0,2,4,,1,042,"COLIMA ROAD","LARKVANE ROAD",0.00,,Y,A,-,N,,,,,,,,,,N,4,0,1,2,A,-,10,21950,A,F,G,B,B,A,H,-,A,A,0,Y,,,,Y,,-,99,0,0,1,0,1,0,0,0,0,"- ","- ",33.988700000000001,-117.90973,"LOS ANGELES",UNINCORPORATED,-117.90970011,33.988600060000003